year,event,bout,method,judge,score
2024,UFC on ESPN 65,Marcos def. Yanez,Split,CLEARY,30 - 27
2024,UFC on ESPN 65,Marcos def. Yanez,Split,COLÓN,29 - 28
2024,UFC on ESPN 65,Marcos def. Yanez,Split,LEE,28 - 29
2024,UFC on ESPN 65,Stirling def. Tokkos,Unanimous,CLEARY,30 - 27
2024,UFC on ESPN 65,Stirling def. Tokkos,Unanimous,COLÓN,30 - 27
2024,UFC on ESPN 65,Stirling def. Tokkos,Unanimous,GRENIER,30 - 27
2024,UFC on ESPN 65,Lima def. Johns,Unanimous,D'AMATO,30 - 27
2024,UFC on ESPN 65,Lima def. Johns,Unanimous,LEE,30 - 27
2024,UFC on ESPN 65,Lima def. Johns,Unanimous,WINCAPAW,30 - 27
2024,UFC on ESPN 65,Maverick def. Horth,Unanimous,CLEARY,29 - 28
2024,UFC on ESPN 65,Maverick def. Horth,Unanimous,D'AMATO,29 - 28
2024,UFC on ESPN 65,Maverick def. Horth,Unanimous,MIRANDA,29 - 28
2024,UFC on ESPN 65,Grant def. Taveras,Unanimous,CLEARY,29 - 28
2024,UFC on ESPN 65,Grant def. Taveras,Unanimous,COLÓN,30 - 27
2024,UFC on ESPN 65,Grant def. Taveras,Unanimous,EDGEHILL,30 - 27
2024,UFC on ESPN 65,Rodriguez def. Knutsson,Unanimous,COLÓN,30 - 27
2024,UFC on ESPN 65,Rodriguez def. Knutsson,Unanimous,D'AMATO,30 - 27
2024,UFC on ESPN 65,Rodriguez def. Knutsson,Unanimous,GRENIER,30 - 27
2024,UFC 310,Rakhmonov def. Garry,Unanimous,BELL,48 - 47
2024,UFC 310,Rakhmonov def. Garry,Unanimous,LEE,48 - 47
2024,UFC 310,Rakhmonov def. Garry,Unanimous,MCCARTHY,48 - 47
2024,UFC 310,Gane def. Volkov,Split,BYRD,29 - 28
2024,UFC 310,Gane def. Volkov,Split,COLÓN,28 - 29
2024,UFC 310,Gane def. Volkov,Split,KAMIJO,29 - 28
2024,UFC 310,Evloev def. Sterling,Unanimous,CARTLIDGE,29 - 28
2024,UFC 310,Evloev def. Sterling,Unanimous,CLEARY,29 - 28
2024,UFC 310,Evloev def. Sterling,Unanimous,D'AMATO,29 - 28
2024,UFC 310,Battle def. Brown,Split,BELL,28 - 29
2024,UFC 310,Battle def. Brown,Split,BYRD,29 - 28
2024,UFC 310,Battle def. Brown,Split,MCCARTHY,29 - 28
2024,UFC 310,Van def. Durden,Unanimous,BELL,29 - 28
2024,UFC 310,Van def. Durden,Unanimous,COLÓN,30 - 26
2024,UFC 310,Van def. Durden,Unanimous,MCCARTHY,30 - 27
2024,UFC on ESPN+ 106,Yan def. Figueiredo,Unanimous,D'AMATO,50 - 45
2024,UFC on ESPN+ 106,Yan def. Figueiredo,Unanimous,LETHABY,50 - 45
2024,UFC on ESPN+ 106,Yan def. Figueiredo,Unanimous,WERNER,50 - 45
2024,UFC on ESPN+ 106,Xiaonan def. Ricci,Unanimous,COLLETT,30 - 27
2024,UFC on ESPN+ 106,Xiaonan def. Ricci,Unanimous,D'AMATO,30 - 27
2024,UFC on ESPN+ 106,Xiaonan def. Ricci,Unanimous,PAOLILLO,30 - 27
2024,UFC on ESPN+ 106,Ulberg def. Oezdemir,Unanimous,CHRISTIE,30 - 27
2024,UFC on ESPN+ 106,Ulberg def. Oezdemir,Unanimous,FIELD,29 - 28
2024,UFC on ESPN+ 106,Ulberg def. Oezdemir,Unanimous,PAOLILLO,30 - 27
2024,UFC on ESPN+ 106,Su Young def. Jieleyisi,Unanimous,CHRISTIE,30 - 27
2024,UFC on ESPN+ 106,Su Young def. Jieleyisi,Unanimous,LETHABY,29 - 28
2024,UFC on ESPN+ 106,Su Young def. Jieleyisi,Unanimous,WERNER,30 - 27
2024,UFC on ESPN+ 106,Hernandez def. Tumendemberel,Split,COLLETT,29 - 28
2024,UFC on ESPN+ 106,Hernandez def. Tumendemberel,Split,D'AMATO,28 - 29
2024,UFC on ESPN+ 106,Hernandez def. Tumendemberel,Split,WERNER,29 - 28
2024,UFC on ESPN+ 106,Kavanagh def. Ochoa,Unanimous,CHRISTIE,30 - 27
2024,UFC on ESPN+ 106,Kavanagh def. Ochoa,Unanimous,FIELD,29 - 28
2024,UFC on ESPN+ 106,Kavanagh def. Ochoa,Unanimous,PAOLILLO,29 - 28
2024,UFC on ESPN+ 106,Motta def. Maheshate,Unanimous,FIELD,30 - 27
2024,UFC on ESPN+ 106,Motta def. Maheshate,Unanimous,LETHABY,30 - 27
2024,UFC on ESPN+ 106,Motta def. Maheshate,Unanimous,PAOLILLO,30 - 27
2024,UFC 309,Oliveira def. Chandler,Unanimous,COLÓN,49 - 46
2024,UFC 309,Oliveira def. Chandler,Unanimous,KAMIJO,49 - 46
2024,UFC 309,Oliveira def. Chandler,Unanimous,MCCARTHY,49 - 45
2024,UFC 309,Nickal def. Craig,Unanimous,BOLINSKI,30 - 27
2024,UFC 309,Nickal def. Craig,Unanimous,D'AMATO,30 - 27
2024,UFC 309,Nickal def. Craig,Unanimous,MINER,30 - 27
2024,UFC 309,Araujo def. Silva,Unanimous,CLEARY,29 - 28
2024,UFC 309,Araujo def. Silva,Unanimous,KAMIJO,29 - 28
2024,UFC 309,Araujo def. Silva,Unanimous,LEE,29 - 28
2024,UFC 309,Ruffy def. Llontop,Unanimous,COLÓN,29 - 28
2024,UFC 309,Ruffy def. Llontop,Unanimous,MCCARTHY,29 - 28
2024,UFC 309,Ruffy def. Llontop,Unanimous,MINER,29 - 28
2024,UFC 309,McGhee def. Martinez,Unanimous,BOLINSKI,29 - 28
2024,UFC 309,McGhee def. Martinez,Unanimous,D'AMATO,29 - 28
2024,UFC 309,McGhee def. Martinez,Unanimous,LEE,29 - 28
2024,UFC 309,Onama def. Romero,Unanimous,BOLINSKI,30 - 27
2024,UFC 309,Onama def. Romero,Unanimous,LEE,30 - 27
2024,UFC 309,Onama def. Romero,Unanimous,MCCARTHY,30 - 27
2024,UFC 309,Moura def. Hardy,Unanimous,BOLINSKI,29 - 28
2024,UFC 309,Moura def. Hardy,Unanimous,KAMIJO,30 - 27
2024,UFC 309,Moura def. Hardy,Unanimous,MINER,29 - 28
2024,UFC on ESPN+ 105,Bolanos def. Romious,Unanimous,D'AMATO,30 - 27
2024,UFC on ESPN+ 105,Bolanos def. Romious,Unanimous,LEE,30 - 27
2024,UFC on ESPN+ 105,Bolanos def. Romious,Unanimous,WEEKS,30 - 26
2024,UFC on ESPN+ 105,Robertson def. Pinheiro,Unanimous,BELL,29 - 28
2024,UFC on ESPN+ 105,Robertson def. Pinheiro,Unanimous,BYRD,29 - 28
2024,UFC on ESPN+ 105,Robertson def. Pinheiro,Unanimous,CLEARY,29 - 27
2024,UFC on ESPN+ 105,Gomes def. Kowalkiewicz,Unanimous,BELL,30 - 27
2024,UFC on ESPN+ 105,Gomes def. Kowalkiewicz,Unanimous,CLEARY,29 - 28
2024,UFC on ESPN+ 105,Gomes def. Kowalkiewicz,Unanimous,D'AMATO,30 - 27
2024,UFC on ESPN+ 104,Moreno def. Albazi,Unanimous,CLEARY,50 - 45
2024,UFC on ESPN+ 104,Moreno def. Albazi,Unanimous,COLÓN,49 - 46
2024,UFC on ESPN+ 104,Moreno def. Albazi,Unanimous,D'AMATO,50 - 45
2024,UFC on ESPN+ 104,Blanchfield def. Namajunas,Unanimous,BELL,48 - 47
2024,UFC on ESPN+ 104,Blanchfield def. Namajunas,Unanimous,CLEARY,48 - 47
2024,UFC on ESPN+ 104,Blanchfield def. Namajunas,Unanimous,KAMIJO,48 - 47
2024,UFC on ESPN+ 104,Ribeiro def. Machado,Split,BELL,29 - 28
2024,UFC on ESPN+ 104,Ribeiro def. Machado,Split,COLLINS,28 - 29
2024,UFC on ESPN+ 104,Ribeiro def. Machado,Split,D'AMATO,29 - 28
2024,UFC on ESPN+ 104,Malott def. Giles,Unanimous,BELL,29 - 28
2024,UFC on ESPN+ 104,Malott def. Giles,Unanimous,COLLINS,29 - 28
2024,UFC on ESPN+ 104,Malott def. Giles,Unanimous,COLÓN,30 - 27
2024,UFC on ESPN+ 104,Zahabi def. Munhoz,Unanimous,BELL,29 - 28
2024,UFC on ESPN+ 104,Zahabi def. Munhoz,Unanimous,COLÓN,29 - 28
2024,UFC on ESPN+ 104,Zahabi def. Munhoz,Unanimous,D'AMATO,30 - 27
2024,UFC on ESPN+ 104,Romanov def. Nascimento,Unanimous,COLLINS,30 - 27
2024,UFC on ESPN+ 104,Romanov def. Nascimento,Unanimous,D'AMATO,30 - 27
2024,UFC on ESPN+ 104,Romanov def. Nascimento,Unanimous,TATLOW,30 - 27
2024,UFC on ESPN+ 104,Sidey def. Armfield,Split,BELL,28 - 29
2024,UFC on ESPN+ 104,Sidey def. Armfield,Split,CLEARY,29 - 28
2024,UFC on ESPN+ 104,Sidey def. Armfield,Split,KAMIJO,29 - 28
2024,UFC on ESPN+ 104,Gibson def. Anheliger,Unanimous,CLEARY,30 - 26
2024,UFC on ESPN+ 104,Gibson def. Anheliger,Unanimous,HARB,30 - 27
2024,UFC on ESPN+ 104,Gibson def. Anheliger,Unanimous,KAMIJO,30 - 27
2024,UFC on ESPN+ 104,Horth def. Petrovic,Split,BELL,29 - 28
2024,UFC on ESPN+ 104,Horth def. Petrovic,Split,COLLINS,28 - 29
2024,UFC on ESPN+ 104,Horth def. Petrovic,Split,COLÓN,30 - 27
2024,UFC 308,Ankalaev def. Rakic,Unanimous,D'AMATO,29 - 28
2024,UFC 308,Ankalaev def. Rakic,Unanimous,MONTALVO,29 - 28
2024,UFC 308,Ankalaev def. Rakic,Unanimous,WEEKS,29 - 28
2024,UFC 308,Murphy def. Ige,Unanimous,ALI,29 - 28
2024,UFC 308,Murphy def. Ige,Unanimous,BELL,29 - 28
2024,UFC 308,Murphy def. Ige,Unanimous,CARTLIDGE,29 - 28
2024,UFC 308,Rebecki def. Orolbai,Split,CARTLIDGE,29 - 28
2024,UFC 308,Rebecki def. Orolbai,Split,D'AMATO,29 - 28
2024,UFC 308,Rebecki def. Orolbai,Split,MONTALVO,28 - 29
2024,UFC 308,Basharat def. Hugo,Unanimous,ALI,29 - 28
2024,UFC 308,Basharat def. Hugo,Unanimous,BELL,30 - 27
2024,UFC 308,Basharat def. Hugo,Unanimous,LETHABY,29 - 28
2024,UFC 308,Naurdiev def. Silva,Unanimous,D'AMATO,30 - 27
2024,UFC 308,Naurdiev def. Silva,Unanimous,MONTALVO,30 - 27
2024,UFC 308,Naurdiev def. Silva,Unanimous,WEEKS,30 - 27
2024,UFC 308,Fakhretdinov def. Leal,Unanimous,ALI,30 - 27
2024,UFC 308,Fakhretdinov def. Leal,Unanimous,BELL,29 - 28
2024,UFC 308,Fakhretdinov def. Leal,Unanimous,LETHABY,29 - 28
2024,UFC on ESPN+ 103,Font def. Phillips,Unanimous,BELL,29 - 28
2024,UFC on ESPN+ 103,Font def. Phillips,Unanimous,CLEARY,29 - 28
2024,UFC on ESPN+ 103,Font def. Phillips,Unanimous,KAMIJO,29 - 28
2024,UFC on ESPN+ 103,Johnson def. Mudaerji,Unanimous,BELL,29 - 28
2024,UFC on ESPN+ 103,Johnson def. Mudaerji,Unanimous,LEBEN,29 - 28
2024,UFC on ESPN+ 103,Johnson def. Mudaerji,Unanimous,MCCARTHY,29 - 28
2024,UFC on ESPN+ 103,Smotherman def. Hadley,Unanimous,BYRD,30 - 26
2024,UFC on ESPN+ 103,Smotherman def. Hadley,Unanimous,CARTLIDGE,29 - 27
2024,UFC on ESPN+ 103,Smotherman def. Hadley,Unanimous,CLEARY,29 - 27
2024,UFC on ESPN+ 103,Elkins def. Pineda,Unanimous,CARTLIDGE,29 - 28
2024,UFC on ESPN+ 103,Elkins def. Pineda,Unanimous,KAMIJO,29 - 28
2024,UFC on ESPN+ 103,Elkins def. Pineda,Unanimous,WEEKS,29 - 28
2024,UFC on ESPN+ 103,Almabaev def. Nicolau,Unanimous,BELL,29 - 28
2024,UFC on ESPN+ 103,Almabaev def. Nicolau,Unanimous,MCCARTHY,29 - 28
2024,UFC on ESPN+ 103,Almabaev def. Nicolau,Unanimous,PUCCILLO,29 - 28
2024,UFC on ESPN+ 103,Matsumoto def. Katona,Unanimous,BELL,29 - 28
2024,UFC on ESPN+ 103,Matsumoto def. Katona,Unanimous,CLEARY,29 - 28
2024,UFC on ESPN+ 103,Matsumoto def. Katona,Unanimous,MCCARTHY,29 - 28
2024,UFC on ESPN+ 103,Reed def. Penne,Unanimous,BYRD,29 - 28
2024,UFC on ESPN+ 103,Reed def. Penne,Unanimous,CLEARY,29 - 28
2024,UFC on ESPN+ 103,Reed def. Penne,Unanimous,MCCARTHY,29 - 28
2024,UFC on ESPN+ 103,Martinez def. Ardelean,Unanimous,BELL,30 - 27
2024,UFC on ESPN+ 103,Martinez def. Ardelean,Unanimous,MCCARTHY,30 - 27
2024,UFC on ESPN+ 103,Martinez def. Ardelean,Unanimous,WEEKS,30 - 27
2024,UFC on ESPN+ 103,Lane def. Despaigne,Unanimous,BYRD,29 - 28
2024,UFC on ESPN+ 103,Lane def. Despaigne,Unanimous,KAMIJO,29 - 28
2024,UFC on ESPN+ 103,Lane def. Despaigne,Unanimous,PUCCILLO,29 - 28
2024,UFC on ESPN+ 102,Royval def. Taira,Split,D'AMATO,47 - 48
2024,UFC on ESPN+ 102,Royval def. Taira,Split,LEE,48 - 47
2024,UFC on ESPN+ 102,Royval def. Taira,Split,MCCARTHY,48 - 47
2024,UFC on ESPN+ 102,Park def. Tavares,Split,BELL,29 - 28
2024,UFC on ESPN+ 102,Park def. Tavares,Split,COLÓN,29 - 28
2024,UFC on ESPN+ 102,Park def. Tavares,Split,KAMIJO,28 - 29
2024,UFC on ESPN+ 102,Njokuani def. Gooden,Unanimous,BELL,30 - 27
2024,UFC on ESPN+ 102,Njokuani def. Gooden,Unanimous,LEE,30 - 27
2024,UFC on ESPN+ 102,Njokuani def. Gooden,Unanimous,WEEKS,30 - 27
2024,UFC on ESPN+ 102,Rodriguez def. Morono,Split,BELL,29 - 28
2024,UFC on ESPN+ 102,Rodriguez def. Morono,Split,BYRD,29 - 28
2024,UFC on ESPN+ 102,Rodriguez def. Morono,Split,D'AMATO,28 - 29
2024,UFC on ESPN+ 102,Gorimbo def. Price,Unanimous,BELL,30 - 27
2024,UFC on ESPN+ 102,Gorimbo def. Price,Unanimous,COLÓN,30 - 27
2024,UFC on ESPN+ 102,Gorimbo def. Price,Unanimous,D'AMATO,30 - 27
2024,UFC on ESPN+ 102,Polastri def. McKenna,Split,BYRD,29 - 28
2024,UFC on ESPN+ 102,Polastri def. McKenna,Split,D'AMATO,28 - 29
2024,UFC on ESPN+ 102,Polastri def. McKenna,Split,MCCARTHY,30 - 27
2024,UFC on ESPN+ 102,Haddon def. Argueta,Unanimous,BELL,30 - 27
2024,UFC on ESPN+ 102,Haddon def. Argueta,Unanimous,LEE,30 - 27
2024,UFC on ESPN+ 102,Haddon def. Argueta,Unanimous,WEEKS,30 - 27
2024,UFC 307,Pena def. Pennington,Split,BELL,48 - 47
2024,UFC 307,Pena def. Pennington,Split,CLEARY,47 - 48
2024,UFC 307,Pena def. Pennington,Split,D'AMATO,48 - 47
2024,UFC 307,Bautista def. Aldo,Split,BELL,29 - 28
2024,UFC 307,Bautista def. Aldo,Split,CLEARY,29 - 28
2024,UFC 307,Bautista def. Aldo,Split,LEE,28 - 29
2024,UFC 307,Harrison def. Vieira,Unanimous,CLEARY,30 - 27
2024,UFC 307,Harrison def. Vieira,Unanimous,D'AMATO,30 - 27
2024,UFC 307,Harrison def. Vieira,Unanimous,FARAGHER,29 - 28
2024,UFC 307,Lucindo def. Rodriguez,Split,BELL,29 - 28
2024,UFC 307,Lucindo def. Rodriguez,Split,FARAGHER,28 - 29
2024,UFC 307,Lucindo def. Rodriguez,Split,FURSE,29 - 28
2024,UFC 307,Hernandez def. Hubbard,Split,FARAGHER,29 - 28
2024,UFC 307,Hernandez def. Hubbard,Split,FURSE,29 - 28
2024,UFC 307,Hernandez def. Hubbard,Split,LEE,27 - 30
2024,UFC 307,Almeida def. Potieria,Unanimous,FARAGHER,30 - 27
2024,UFC 307,Almeida def. Potieria,Unanimous,FURSE,30 - 27
2024,UFC 307,Almeida def. Potieria,Unanimous,LEE,30 - 27
2024,UFC 307,Pennington def. Esparza,Unanimous,D'AMATO,29 - 28
2024,UFC 307,Pennington def. Esparza,Unanimous,FARAGHER,29 - 28
2024,UFC 307,Pennington def. Esparza,Unanimous,FURSE,30 - 27
2024,UFC on ESPN+ 101,Imavov def. Allen,Unanimous,D'AMATO,29 - 28
2024,UFC on ESPN+ 101,Imavov def. Allen,Unanimous,LETHABY,29 - 28
2024,UFC on ESPN+ 101,Imavov def. Allen,Unanimous,OHLSSON,29 - 28
2024,UFC on ESPN+ 101,Gomis def. Brito,Split,CARTLIDGE,29 - 28
2024,UFC on ESPN+ 101,Gomis def. Brito,Split,OHLSSON,28 - 29
2024,UFC on ESPN+ 101,Gomis def. Brito,Split,WERNER,29 - 28
2024,UFC on ESPN+ 101,Cutelaba def. Erslan,Split,GLUSKI,28 - 29
2024,UFC on ESPN+ 101,Cutelaba def. Erslan,Split,OHLSSON,29 - 28
2024,UFC on ESPN+ 101,Cutelaba def. Erslan,Split,WERNER,29 - 28
2024,UFC on ESPN+ 101,Sy def. Jung,Unanimous,CARTLIDGE,30 - 27
2024,UFC on ESPN+ 101,Sy def. Jung,Unanimous,D'AMATO,30 - 27
2024,UFC on ESPN+ 101,Sy def. Jung,Unanimous,LETHABY,30 - 27
2024,UFC on ESPN+ 101,Klein def. Roberts,Unanimous,DANDINE,30 - 27
2024,UFC on ESPN+ 101,Klein def. Roberts,Unanimous,OHLSSON,29 - 28
2024,UFC on ESPN+ 101,Klein def. Roberts,Unanimous,WERNER,29 - 28
2024,UFC on ESPN+ 101,Lapilus def. Morales,Unanimous,CARTLIDGE,30 - 27
2024,UFC on ESPN+ 101,Lapilus def. Morales,Unanimous,LETHABY,30 - 27
2024,UFC on ESPN+ 101,Lapilus def. Morales,Unanimous,ZITOUNI,30 - 27
2024,UFC on ESPN+ 101,Barez def. Altamirano,Unanimous,DANDINE,29 - 28
2024,UFC on ESPN+ 101,Barez def. Altamirano,Unanimous,LETHABY,29 - 28
2024,UFC on ESPN+ 101,Barez def. Altamirano,Unanimous,WERNER,29 - 28
2024,UFC on ESPN+ 101,Cavalcanti def. Cornolle,Split,D'AMATO,29 - 28
2024,UFC on ESPN+ 101,Cavalcanti def. Cornolle,Split,OHLSSON,29 - 28
2024,UFC on ESPN+ 101,Cavalcanti def. Cornolle,Split,ZITOUNI,28 - 29
2024,UFC 306,Dvalishvili def. O'Malley,Unanimous,BELL,49 - 46
2024,UFC 306,Dvalishvili def. O'Malley,Unanimous,D'AMATO,48 - 47
2024,UFC 306,Dvalishvili def. O'Malley,Unanimous,LEE,48 - 47
2024,UFC 306,Shevchenko def. Grasso,Unanimous,CARTLIDGE,50 - 45
2024,UFC 306,Shevchenko def. Grasso,Unanimous,COLÓN,50 - 45
2024,UFC 306,Shevchenko def. Grasso,Unanimous,MCCARTHY,50 - 45
2024,UFC 306,Lopes def. Ortega,Unanimous,BELL,30 - 26
2024,UFC 306,Lopes def. Ortega,Unanimous,D'AMATO,30 - 27
2024,UFC 306,Lopes def. Ortega,Unanimous,KAMIJO,30 - 27
2024,UFC 306,Ribovics def. Zellhuber,Split,COLÓN,29 - 28
2024,UFC 306,Ribovics def. Zellhuber,Split,D'AMATO,28 - 29
2024,UFC 306,Ribovics def. Zellhuber,Split,LEE,29 - 28
2024,UFC 306,Rodriguez def. Osbourne,Unanimous,BYRD,29 - 27
2024,UFC 306,Rodriguez def. Osbourne,Unanimous,KAMIJO,29 - 28
2024,UFC 306,Rodriguez def. Osbourne,Unanimous,MCCARTHY,29 - 27
2024,UFC 306,Dumont def. Aldana,Unanimous,BELL,30 - 27
2024,UFC 306,Dumont def. Aldana,Unanimous,D'AMATO,30 - 27
2024,UFC 306,Dumont def. Aldana,Unanimous,LEE,30 - 27
2024,UFC 306,Van def. Chairez,Unanimous,BYRD,29 - 28
2024,UFC 306,Van def. Chairez,Unanimous,CARTLIDGE,29 - 28
2024,UFC 306,Van def. Chairez,Unanimous,LEE,29 - 28
2024,UFC 306,Rosas Jr. def. Aori,Unanimous,KAMIJO,29 - 28
2024,UFC 306,Rosas Jr. def. Aori,Unanimous,MCCARTHY,29 - 28
2024,UFC 306,Rosas Jr. def. Aori,Unanimous,WEEKS,29 - 28
2024,UFC on ESPN+ 100,Brady def. Burns,Unanimous,LEE,50 - 45
2024,UFC on ESPN+ 100,Brady def. Burns,Unanimous,LETHABY,49 - 46
2024,UFC on ESPN+ 100,Brady def. Burns,Unanimous,MINER,50 - 45
2024,UFC on ESPN+ 100,Silva def. Andrade,Unanimous,BYRD,30 - 27
2024,UFC on ESPN+ 100,Silva def. Andrade,Unanimous,KAMIJO,30 - 27
2024,UFC on ESPN+ 100,Silva def. Andrade,Unanimous,LEE,30 - 27
2024,UFC on ESPN+ 100,Ashmoz def. Peek,Unanimous,KAMIJO,30 - 27
2024,UFC on ESPN+ 100,Ashmoz def. Peek,Unanimous,LEE,29 - 28
2024,UFC on ESPN+ 100,Ashmoz def. Peek,Unanimous,LETHABY,29 - 28
2024,UFC on ESPN+ 100,Lima def. dos Santos,Unanimous,BYRD,29 - 28
2024,UFC on ESPN+ 100,Lima def. dos Santos,Unanimous,KAMIJO,29 - 28
2024,UFC on ESPN+ 100,Lima def. dos Santos,Unanimous,LEE,30 - 27
2024,UFC on ESPN+ 100,Santos def. Zha,Unanimous,BYRD,30 - 26
2024,UFC on ESPN+ 100,Santos def. Zha,Unanimous,LETHABY,30 - 26
2024,UFC on ESPN+ 100,Santos def. Zha,Unanimous,MINER,30 - 27
2024,UFC on ESPN+ 100,Petroski def. Budka,Unanimous,LEE,30 - 27
2024,UFC on ESPN+ 100,Petroski def. Budka,Unanimous,LETHABY,30 - 27
2024,UFC on ESPN+ 100,Petroski def. Budka,Unanimous,WINTER,30 - 27
2024,UFC on ESPN 62,Borralho def. Cannonier,Unanimous,D'AMATO,49 - 45
2024,UFC on ESPN 62,Borralho def. Cannonier,Unanimous,LEE,48 - 46
2024,UFC on ESPN 62,Borralho def. Cannonier,Unanimous,MCCARTHY,49 - 45
2024,UFC on ESPN 62,Ricci def. Hill,Unanimous,BELL,29 - 28
2024,UFC on ESPN 62,Ricci def. Hill,Unanimous,CARTLIDGE,29 - 28
2024,UFC on ESPN 62,Ricci def. Hill,Unanimous,COLÓN,29 - 28
2024,UFC on ESPN 62,Marshall def. Buzukja,Split,BYRD,28 - 29
2024,UFC on ESPN 62,Marshall def. Buzukja,Split,CARTLIDGE,30 - 27
2024,UFC on ESPN 62,Marshall def. Buzukja,Split,KAMIJO,29 - 28
2024,UFC on ESPN 62,Reese def. Medina,Unanimous,COLÓN,30 - 27
2024,UFC on ESPN 62,Reese def. Medina,Unanimous,MCCARTHY,30 - 27
2024,UFC on ESPN 62,Reese def. Medina,Unanimous,WEEKS,30 - 27
2024,UFC on ESPN 62,Borshchev def. Llontop,Split,BELL,30 - 27
2024,UFC on ESPN 62,Borshchev def. Llontop,Split,CARTLIDGE,29 - 28
2024,UFC on ESPN 62,Borshchev def. Llontop,Split,COLÓN,28 - 29
2024,UFC on ESPN 62,Cavalcanti def. Nunes,Split,D'AMATO,30 - 27
2024,UFC on ESPN 62,Cavalcanti def. Nunes,Split,LEE,29 - 28
2024,UFC on ESPN 62,Cavalcanti def. Nunes,Split,MCCARTHY,27 - 30
2024,UFC 305,Hooker def. Gamrot,Split,CARTLIDGE,29 - 28
2024,UFC 305,Hooker def. Gamrot,Split,CHRISTIE,29 - 28
2024,UFC 305,Hooker def. Gamrot,Split,MEANY,28 - 29
2024,UFC 305,Rozenstruik def. Tuivasa,Split,BOOTH,27 - 30
2024,UFC 305,Rozenstruik def. Tuivasa,Split,KEECH,29 - 28
2024,UFC 305,Rozenstruik def. Tuivasa,Split,LETHABY,30 - 27
2024,UFC 305,Ramos def. Culibao,Split,CARTLIDGE,28 - 29
2024,UFC 305,Ramos def. Culibao,Split,CHRISTIE,29 - 28
2024,UFC 305,Ramos def. Culibao,Split,MEANY,29 - 28
2024,UFC 305,O'Neill def. Santos,Unanimous,FIELD,30 - 26
2024,UFC 305,O'Neill def. Santos,Unanimous,KEECH,30 - 27
2024,UFC 305,O'Neill def. Santos,Unanimous,LETHABY,30 - 27
2024,UFC 305,Nolan def. Reyes,Unanimous,KEECH,30 - 27
2024,UFC 305,Nolan def. Reyes,Unanimous,LETHABY,30 - 27
2024,UFC 305,Nolan def. Reyes,Unanimous,MEANY,29 - 28
2024,UFC 305,Kenan def. Glenn,Unanimous,BOOTH,29 - 28
2024,UFC 305,Kenan def. Glenn,Unanimous,CHRISTIE,30 - 26
2024,UFC 305,Kenan def. Glenn,Unanimous,FIELD,30 - 27
2024,UFC on ESPN 61,Mariscal def. Jackson,Unanimous,BELL,30 - 26
2024,UFC on ESPN 61,Mariscal def. Jackson,Unanimous,D'AMATO,30 - 25
2024,UFC on ESPN 61,Mariscal def. Jackson,Unanimous,KAMIJO,30 - 25
2024,UFC on ESPN 61,Barlow def. Veretennikov,Split,MCCARTHY,29 - 28
2024,UFC on ESPN 61,Barlow def. Veretennikov,Split,MINER,29 - 28
2024,UFC on ESPN 61,Barlow def. Veretennikov,Split,VALEL,27 - 30
2024,UFC on ESPN 61,Gutierrez def. Le,Unanimous,BELL,29 - 28
2024,UFC on ESPN 61,Gutierrez def. Le,Unanimous,BYRD,29 - 28
2024,UFC on ESPN 61,Gutierrez def. Le,Unanimous,KAMIJO,29 - 28
2024,UFC on ESPN 61,Santos def. Chandler,Unanimous,D'AMATO,30 - 27
2024,UFC on ESPN 61,Santos def. Chandler,Unanimous,MCCARTHY,29 - 28
2024,UFC on ESPN 61,Santos def. Chandler,Unanimous,MINER,29 - 28
2024,UFC on ESPN 61,Rosa def. Kianzad,Unanimous,BELL,30 - 27
2024,UFC on ESPN 61,Rosa def. Kianzad,Unanimous,D'AMATO,30 - 27
2024,UFC on ESPN 61,Rosa def. Kianzad,Unanimous,MCCARTHY,30 - 27
2024,UFC on ESPN 61,Diniz def. Williams,Unanimous,BYRD,29 - 28
2024,UFC on ESPN 61,Diniz def. Williams,Unanimous,COLÓN,30 - 27
2024,UFC on ESPN 61,Diniz def. Williams,Unanimous,MCCARTHY,29 - 28
2024,UFC on ESPN 61,Luciano def. Alencar,Unanimous,BELL,30 - 27
2024,UFC on ESPN 61,Luciano def. Alencar,Unanimous,D'AMATO,30 - 27
2024,UFC on ESPN 61,Luciano def. Alencar,Unanimous,KAMIJO,30 - 27
2024,UFC on ABC 7,Nurmagomedov def. Sandhagen,Unanimous,BELL,50 - 45
2024,UFC on ABC 7,Nurmagomedov def. Sandhagen,Unanimous,CARTLIDGE,49 - 46
2024,UFC on ABC 7,Nurmagomedov def. Sandhagen,Unanimous,LETHABY,49 - 46
2024,UFC on ABC 7,Magomedov def. Oleksiejczuk,Unanimous,PAOLILLO,30 - 27
2024,UFC on ABC 7,Magomedov def. Oleksiejczuk,Unanimous,RANSOM,30 - 27
2024,UFC on ABC 7,Magomedov def. Oleksiejczuk,Unanimous,WERNER,29 - 28
2024,UFC on ABC 7,Figueiredo def. Vera,Unanimous,ALI,29 - 28
2024,UFC on ABC 7,Figueiredo def. Vera,Unanimous,CARTLIDGE,29 - 28
2024,UFC on ABC 7,Figueiredo def. Vera,Unanimous,HUGHES,30 - 27
2024,UFC on ABC 7,Dern def. Godinez,Unanimous,ALI,29 - 28
2024,UFC on ABC 7,Dern def. Godinez,Unanimous,HUGHES,29 - 28
2024,UFC on ABC 7,Dern def. Godinez,Unanimous,WERNER,29 - 28
2024,UFC on ABC 7,Gaziev def. Mayes,Unanimous,HUGHES,30 - 27
2024,UFC on ABC 7,Gaziev def. Mayes,Unanimous,LETHABY,30 - 27
2024,UFC on ABC 7,Gaziev def. Mayes,Unanimous,RANSOM,30 - 27
2024,UFC on ABC 7,Kutateladze def. Vucenic,Unanimous,CARTLIDGE,29 - 28
2024,UFC on ABC 7,Kutateladze def. Vucenic,Unanimous,PAOLILLO,29 - 28
2024,UFC on ABC 7,Kutateladze def. Vucenic,Unanimous,WERNER,29 - 28
2024,UFC on ABC 7,Hughes def. Dudakova,Split,HUGHES,27 - 30
2024,UFC on ABC 7,Hughes def. Dudakova,Split,LETHABY,29 - 28
2024,UFC on ABC 7,Hughes def. Dudakova,Split,RANSOM,29 - 28
2024,UFC on ABC 7,Herbert def. Bedoya,Unanimous,ALI,30 - 27
2024,UFC on ABC 7,Herbert def. Bedoya,Unanimous,BELL,30 - 27
2024,UFC on ABC 7,Herbert def. Bedoya,Unanimous,LETHABY,29 - 28
2024,UFC on ABC 7,Dumas def. Tiuliulin,Unanimous,CARTLIDGE,29 - 28
2024,UFC on ABC 7,Dumas def. Tiuliulin,Unanimous,PAOLILLO,30 - 27
2024,UFC on ABC 7,Dumas def. Tiuliulin,Unanimous,WERNER,29 - 28
2024,UFC 304,Muhammad def. Edwards,Unanimous,CARTLIDGE,48 - 47
2024,UFC 304,Muhammad def. Edwards,Unanimous,CLEARY,48 - 47
2024,UFC 304,Muhammad def. Edwards,Unanimous,WERNER,49 - 46
2024,UFC 304,Rodrigues def. Duncan,Unanimous,CLEARY,30 - 27
2024,UFC 304,Rodrigues def. Duncan,Unanimous,LETHABY,30 - 27
2024,UFC 304,Rodrigues def. Duncan,Unanimous,OHLSSON,30 - 27
2024,UFC 304,Allen def. Chikadze,Unanimous,CARTLIDGE,29 - 28
2024,UFC 304,Allen def. Chikadze,Unanimous,COLLETT,29 - 28
2024,UFC 304,Allen def. Chikadze,Unanimous,OHLSSON,29 - 28
2024,UFC 304,Wood def. Pineda,Unanimous,LETHABY,29 - 27
2024,UFC 304,Wood def. Pineda,Unanimous,RANSOM,29 - 27
2024,UFC 304,Wood def. Pineda,Unanimous,WERNER,29 - 28
2024,UFC 304,Brasil def. McCann,Unanimous,CARTLIDGE,30 - 27
2024,UFC 304,Brasil def. McCann,Unanimous,OHLSSON,29 - 28
2024,UFC 304,Brasil def. McCann,Unanimous,WERNER,30 - 27
2024,UFC 304,Hadley def. Loughran,Unanimous,CLEARY,29 - 28
2024,UFC 304,Hadley def. Loughran,Unanimous,COLLETT,30 - 27
2024,UFC 304,Hadley def. Loughran,Unanimous,LETHABY,30 - 27
2024,UFC 304,Mokaev def. Kape,Unanimous,CLEARY,29 - 28
2024,UFC 304,Mokaev def. Kape,Unanimous,OHLSSON,30 - 27
2024,UFC 304,Mokaev def. Kape,Unanimous,RANSOM,29 - 28
2024,UFC 304,Elliott def. Parsons,Unanimous,CLEARY,30 - 27
2024,UFC 304,Elliott def. Parsons,Unanimous,COLLETT,29 - 28
2024,UFC 304,Elliott def. Parsons,Unanimous,LETHABY,30 - 27
2024,UFC 304,Bannon def. Ardelean,Split,COLLETT,30 - 27
2024,UFC 304,Bannon def. Ardelean,Split,OHLSSON,29 - 28
2024,UFC 304,Bannon def. Ardelean,Split,RANSOM,28 - 29
2024,UFC on ESPN 60,Holobaugh def. Kruschewsky,Unanimous,BYRD,29 - 28
2024,UFC on ESPN 60,Holobaugh def. Kruschewsky,Unanimous,D'AMATO,29 - 28
2024,UFC on ESPN 60,Holobaugh def. Kruschewsky,Unanimous,MANESS,29 - 28
2024,UFC on ESPN 60,Maverick def. Barbosa,Unanimous,BELL,29 - 28
2024,UFC on ESPN 60,Maverick def. Barbosa,Unanimous,COLÓN,30 - 27
2024,UFC on ESPN 60,Maverick def. Barbosa,Unanimous,D'AMATO,30 - 27
2024,UFC on ESPN 60,Ogden def. Radzhabov,Unanimous,BELL,29 - 28
2024,UFC on ESPN 60,Ogden def. Radzhabov,Unanimous,COLÓN,30 - 27
2024,UFC on ESPN 60,Ogden def. Radzhabov,Unanimous,KAMIJO,29 - 28
2024,UFC on ESPN 60,Carolina def. Pudilova,Unanimous,BELL,29 - 28
2024,UFC on ESPN 60,Carolina def. Pudilova,Unanimous,D'AMATO,30 - 27
2024,UFC on ESPN 60,Carolina def. Pudilova,Unanimous,KAMIJO,29 - 28
2024,UFC on ESPN 60,Petersen def. Usman,Unanimous,LEBEN,30 - 27
2024,UFC on ESPN 60,Petersen def. Usman,Unanimous,MANESS,30 - 27
2024,UFC on ESPN 60,Petersen def. Usman,Unanimous,WINTER,30 - 27
2024,UFC on ESPN 59,Namajunas def. Cortez,Unanimous,COLÓN,48 - 47
2024,UFC on ESPN 59,Namajunas def. Cortez,Unanimous,D'AMATO,49 - 46
2024,UFC on ESPN 59,Namajunas def. Cortez,Unanimous,LEE,49 - 46
2024,UFC on ESPN 59,Salikhov def. Ponzinibbio,Split,ABEYTA,29 - 28
2024,UFC on ESPN 59,Salikhov def. Ponzinibbio,Split,COLÓN,28 - 29
2024,UFC on ESPN 59,Salikhov def. Ponzinibbio,Split,LEE,29 - 28
2024,UFC on ESPN 59,Bonfim def. Loosa,Unanimous,ABEYTA,29 - 28
2024,UFC on ESPN 59,Bonfim def. Loosa,Unanimous,D'AMATO,30 - 27
2024,UFC on ESPN 59,Bonfim def. Loosa,Unanimous,SANCHEZ,30 - 27
2024,UFC on ESPN 59,Jasudavicius def. Kline,Unanimous,COLÓN,30 - 27
2024,UFC on ESPN 59,Jasudavicius def. Kline,Unanimous,D'AMATO,30 - 27
2024,UFC on ESPN 59,Jasudavicius def. Kline,Unanimous,VAN TINE,30 - 27
2024,UFC on ESPN 59,Petroski def. Fremd,Unanimous,ABEYTA,30 - 27
2024,UFC on ESPN 59,Petroski def. Fremd,Unanimous,COLÓN,30 - 27
2024,UFC on ESPN 59,Petroski def. Fremd,Unanimous,SANCHEZ,30 - 27
2024,UFC 303,Lopes def. Ige,Unanimous,BELL,29 - 28
2024,UFC 303,Lopes def. Ige,Unanimous,COLÓN,29 - 28
2024,UFC 303,Lopes def. Ige,Unanimous,LEE,29 - 28
2024,UFC 303,Dolidze def. Smith,Unanimous,D'AMATO,30 - 27
2024,UFC 303,Dolidze def. Smith,Unanimous,KAMIJO,29 - 28
2024,UFC 303,Dolidze def. Smith,Unanimous,MCCARTHY,29 - 28
2024,UFC 303,Garry def. Page,Unanimous,CLEARY,29 - 28
2024,UFC 303,Garry def. Page,Unanimous,D'AMATO,29 - 28
2024,UFC 303,Garry def. Page,Unanimous,LEE,29 - 28
2024,UFC 303,Fili def. Swanson,Split,BELL,29 - 28
2024,UFC 303,Fili def. Swanson,Split,BYRD,28 - 29
2024,UFC 303,Fili def. Swanson,Split,MCCARTHY,29 - 28
2024,UFC 303,Robertson def. Waterson-Gomez,Unanimous,D'AMATO,30 - 27
2024,UFC 303,Robertson def. Waterson-Gomez,Unanimous,LEE,30 - 27
2024,UFC 303,Robertson def. Waterson-Gomez,Unanimous,MCCARTHY,30 - 26
2024,UFC 303,Buday def. Arlovski,Split,BELL,29 - 28
2024,UFC 303,Buday def. Arlovski,Split,CLEARY,28 - 29
2024,UFC 303,Buday def. Arlovski,Split,D'AMATO,30 - 27
2024,UFC 303,Tsuruya def. Hernandez,Unanimous,BELL,29 - 28
2024,UFC 303,Tsuruya def. Hernandez,Unanimous,BYRD,29 - 28
2024,UFC 303,Tsuruya def. Hernandez,Unanimous,MCCARTHY,29 - 28
2024,UFC 303,Oliveira def. Simon,Unanimous,COLÓN,30 - 27
2024,UFC 303,Oliveira def. Simon,Unanimous,KAMIJO,29 - 28
2024,UFC 303,Oliveira def. Simon,Unanimous,WEEKS,30 - 27
2024,UFC on ABC 6,Volkov def. Pavlovich,Unanimous,OHLSSON,30 - 27
2024,UFC on ABC 6,Volkov def. Pavlovich,Unanimous,PAOLILLO,29 - 28
2024,UFC on ABC 6,Volkov def. Pavlovich,Unanimous,WERNER,30 - 27
2024,UFC on ABC 6,Gastelum def. Rodriguez,Unanimous,CARTLIDGE,29 - 28
2024,UFC on ABC 6,Gastelum def. Rodriguez,Unanimous,COLLETT,30 - 27
2024,UFC on ABC 6,Gastelum def. Rodriguez,Unanimous,WERNER,30 - 27
2024,UFC on ABC 6,Haqparast def. Gordon,Split,COLLETT,29 - 28
2024,UFC on ABC 6,Haqparast def. Gordon,Split,D'AMATO,29 - 28
2024,UFC on ABC 6,Haqparast def. Gordon,Split,WERNER,28 - 29
2024,UFC on ABC 6,Fakhretdinov def. Dalby,Split,CARTLIDGE,29 - 28
2024,UFC on ABC 6,Fakhretdinov def. Dalby,Split,LETHABY,29 - 28
2024,UFC on ABC 6,Fakhretdinov def. Dalby,Split,OHLSSON,28 - 29
2024,UFC on ABC 6,Gafurov def. Kang,Unanimous,CARTLIDGE,30 - 27
2024,UFC on ABC 6,Gafurov def. Kang,Unanimous,OHLSSON,30 - 27
2024,UFC on ABC 6,Gafurov def. Kang,Unanimous,WERNER,30 - 27
2024,UFC on ABC 6,Gadzhiyasulov def. Ribeiro,Majority,COLLETT,29 - 28
2024,UFC on ABC 6,Gadzhiyasulov def. Ribeiro,Majority,LETHABY,29 - 28
2024,UFC on ABC 6,Gadzhiyasulov def. Ribeiro,Majority,PAOLILLO,28 - 28
2024,UFC on ABC 6,Lee def. Long,Split,OHLSSON,28 - 29
2024,UFC on ABC 6,Lee def. Long,Split,PAOLILLO,29 - 28
2024,UFC on ABC 6,Lee def. Long,Split,WERNER,29 - 28
2024,UFC on ESPN 58,Johns def. Silva de Andrade,Unanimous,COLÓN,30 - 27
2024,UFC on ESPN 58,Johns def. Silva de Andrade,Unanimous,D'AMATO,30 - 27
2024,UFC on ESPN 58,Johns def. Silva de Andrade,Unanimous,KAMIJO,29 - 28
2024,UFC on ESPN 58,Almeida def. Cuamba,Unanimous,BELL,29 - 28
2024,UFC on ESPN 58,Almeida def. Cuamba,Unanimous,BYRD,29 - 28
2024,UFC on ESPN 58,Almeida def. Cuamba,Unanimous,COLÓN,29 - 28
2024,UFC on ESPN 58,Almabaev def. Johnson,Unanimous,BELL,30 - 27
2024,UFC on ESPN 58,Almabaev def. Johnson,Unanimous,COLÓN,30 - 27
2024,UFC on ESPN 58,Almabaev def. Johnson,Unanimous,WEEKS,30 - 27
2024,UFC on ESPN 58,Fugitt def. Quinlan,Split,KAMIJO,29 - 28
2024,UFC on ESPN 58,Fugitt def. Quinlan,Split,LEE,29 - 28
2024,UFC on ESPN 58,Fugitt def. Quinlan,Split,MANESS,28 - 29
2024,UFC on ESPN 58,Maness def. Flick,Unanimous,D'AMATO,30 - 27
2024,UFC on ESPN 58,Maness def. Flick,Unanimous,KAMIJO,30 - 27
2024,UFC on ESPN 58,Maness def. Flick,Unanimous,WEEKS,29 - 28
2024,UFC on ESPN 58,Fernandes def. Judice,Split,BELL,29 - 28
2024,UFC on ESPN 58,Fernandes def. Judice,Split,BYRD,28 - 29
2024,UFC on ESPN 58,Fernandes def. Judice,Split,LEE,29 - 28
2024,UFC on ESPN 58,Knutsson def. Polastri,Unanimous,BELL,29 - 28
2024,UFC on ESPN 58,Knutsson def. Polastri,Unanimous,COLÓN,29 - 28
2024,UFC on ESPN 58,Knutsson def. Polastri,Unanimous,D'AMATO,29 - 28
2024,UFC on ESPN 57,Soriano def. Baeza,Unanimous,CLEARY,30 - 25
2024,UFC on ESPN 57,Soriano def. Baeza,Unanimous,D'AMATO,30 - 25
2024,UFC on ESPN 57,Soriano def. Baeza,Unanimous,KINMAN,30 - 27
2024,UFC on ESPN 57,Klein def. Moises,Unanimous,BELL,30 - 27
2024,UFC on ESPN 57,Klein def. Moises,Unanimous,KAMIJO,30 - 27
2024,UFC on ESPN 57,Klein def. Moises,Unanimous,POPE,30 - 27
2024,UFC on ESPN 57,Katona def. Butler,Unanimous,CLEARY,30 - 26
2024,UFC on ESPN 57,Katona def. Butler,Unanimous,D'AMATO,30 - 27
2024,UFC on ESPN 57,Katona def. Butler,Unanimous,KINMAN,30 - 27
2024,UFC on ESPN 57,De La Rosa def. Lee,Split,CLEARY,29 - 28
2024,UFC on ESPN 57,De La Rosa def. Lee,Split,D'AMATO,29 - 28
2024,UFC on ESPN 57,De La Rosa def. Lee,Split,POPE,28 - 29
2024,UFC on ESPN 57,Marcos def. Castaneda,Unanimous,BELL,30 - 27
2024,UFC on ESPN 57,Marcos def. Castaneda,Unanimous,JONES,30 - 27
2024,UFC on ESPN 57,Marcos def. Castaneda,Unanimous,KAMIJO,30 - 27
2024,UFC on ESPN 57,Gomes def. Moura,Split,BELL,30 - 27
2024,UFC on ESPN 57,Gomes def. Moura,Split,KAMIJO,30 - 27
2024,UFC on ESPN 57,Gomes def. Moura,Split,KINMAN,28 - 29
2024,UFC on ESPN 57,Lapilus def. Stamann,Unanimous,CLEARY,30 - 27
2024,UFC on ESPN 57,Lapilus def. Stamann,Unanimous,D'AMATO,30 - 27
2024,UFC on ESPN 57,Lapilus def. Stamann,Unanimous,POPE,30 - 27
2024,UFC on ESPN 57,Tomar def. dos Santos,Split,CLEARY,29 - 28
2024,UFC on ESPN 57,Tomar def. dos Santos,Split,D'AMATO,27 - 30
2024,UFC on ESPN 57,Tomar def. dos Santos,Split,JONES,30 - 27
2024,UFC 302,Strickland def. Costa,Split,D'AMATO,49 - 46
2024,UFC 302,Strickland def. Costa,Split,LEE,50 - 45
2024,UFC 302,Strickland def. Costa,Split,TIRELLI,46 - 49
2024,UFC 302,Price def. Morono,Unanimous,D'AMATO,29 - 28
2024,UFC 302,Price def. Morono,Unanimous,LEE,29 - 28
2024,UFC 302,Price def. Morono,Unanimous,TIRELLI,29 - 28
2024,UFC 302,Brown def. Zaleski dos Santos,Unanimous,COLÓN,29 - 28
2024,UFC 302,Brown def. Zaleski dos Santos,Unanimous,D'AMATO,29 - 28
2024,UFC 302,Brown def. Zaleski dos Santos,Unanimous,LEE,29 - 28
2024,UFC 302,Kopylov def. Almeida,Split,COLÓN,29 - 28
2024,UFC 302,Kopylov def. Almeida,Split,D'AMATO,30 - 27
2024,UFC 302,Kopylov def. Almeida,Split,LEE,28 - 29
2024,UFC 302,Dawson def. Solecki,Unanimous,BILYK,29 - 28
2024,UFC 302,Dawson def. Solecki,Unanimous,D'AMATO,30 - 27
2024,UFC 302,Dawson def. Solecki,Unanimous,TIRELLI,30 - 27
2024,UFC 302,Matthews def. Rowe,Unanimous,BILYK,29 - 28
2024,UFC 302,Matthews def. Rowe,Unanimous,CASTRO,30 - 27
2024,UFC 302,Matthews def. Rowe,Unanimous,QUERIDO,29 - 28
2024,UFC 302,Hafez def. Gall,Unanimous,BILYK,30 - 27
2024,UFC 302,Hafez def. Gall,Unanimous,CASTRO,30 - 27
2024,UFC 302,Hafez def. Gall,Unanimous,QUERIDO,29 - 28
2024,UFC 302,Perez def. Edwards,Unanimous,BILYK,29 - 28
2024,UFC 302,Perez def. Edwards,Unanimous,QUERIDO,29 - 28
2024,UFC 302,Perez def. Edwards,Unanimous,TIRELLI,30 - 27
2024,UFC 302,Lima def. Raposo,Split,CASTRO,30 - 27
2024,UFC 302,Lima def. Raposo,Split,COLÓN,30 - 27
2024,UFC 302,Lima def. Raposo,Split,TIRELLI,28 - 29
2024,UFC on ESPN+ 99,Murphy def. Barboza,Unanimous,CLEARY,49 - 46
2024,UFC on ESPN+ 99,Murphy def. Barboza,Unanimous,D'AMATO,50 - 45
2024,UFC on ESPN+ 99,Murphy def. Barboza,Unanimous,MCCARTHY,50 - 45
2024,UFC on ESPN+ 99,Gorimbo def. Brahimaj,Unanimous,BYRD,30 - 27
2024,UFC on ESPN+ 99,Gorimbo def. Brahimaj,Unanimous,CLEARY,30 - 27
2024,UFC on ESPN+ 99,Gorimbo def. Brahimaj,Unanimous,D'AMATO,30 - 27
2024,UFC on ESPN+ 99,Magomedov def. Alves,Unanimous,CLEARY,30 - 26
2024,UFC on ESPN+ 99,Magomedov def. Alves,Unanimous,LEE,30 - 26
2024,UFC on ESPN+ 99,Magomedov def. Alves,Unanimous,WEEKS,30 - 26
2024,UFC on ESPN+ 99,Alateng def. Rodrigues,Unanimous,BELL,30 - 27
2024,UFC on ESPN+ 99,Alateng def. Rodrigues,Unanimous,KAMIJO,30 - 27
2024,UFC on ESPN+ 99,Alateng def. Rodrigues,Unanimous,LEE,29 - 28
2024,UFC on ESPN+ 99,Demopoulos def. Ducote,Split,CLEARY,28 - 29
2024,UFC on ESPN+ 99,Demopoulos def. Ducote,Split,D'AMATO,29 - 28
2024,UFC on ESPN+ 99,Demopoulos def. Ducote,Split,MCCARTHY,29 - 28
2024,UFC on ESPN 56,Buckley def. Ruziboev,Unanimous,D'AMATO,29 - 27
2024,UFC on ESPN 56,Buckley def. Ruziboev,Unanimous,GUEARY,30 - 27
2024,UFC on ESPN 56,Buckley def. Ruziboev,Unanimous,LEE,30 - 26
2024,UFC on ESPN 56,Woodson def. Caceres,Unanimous,D'AMATO,29 - 28
2024,UFC on ESPN 56,Woodson def. Caceres,Unanimous,GUEARY,30 - 27
2024,UFC on ESPN 56,Woodson def. Caceres,Unanimous,PUCCILLO,29 - 28
2024,UFC on ESPN 56,Cortes-Acosta def. Despaigne,Unanimous,BUESKING,30 - 27
2024,UFC on ESPN 56,Cortes-Acosta def. Despaigne,Unanimous,HUYETTE,30 - 27
2024,UFC on ESPN 56,Cortes-Acosta def. Despaigne,Unanimous,LEE,30 - 26
2024,UFC on ESPN 56,Ricci def. Pennington,Split,FRANCIS,28 - 29
2024,UFC on ESPN 56,Ricci def. Pennington,Split,LEE,29 - 28
2024,UFC on ESPN 56,Ricci def. Pennington,Split,PUCCILLO,29 - 28
2024,UFC on ESPN 56,Waters def. Goff,Unanimous,BUESKING,29 - 28
2024,UFC on ESPN 56,Waters def. Goff,Unanimous,D'AMATO,30 - 27
2024,UFC on ESPN 56,Waters def. Goff,Unanimous,HUYETTE,30 - 27
2024,UFC on ESPN 56,Johnson def. Hadley,Unanimous,D'AMATO,29 - 28
2024,UFC on ESPN 56,Johnson def. Hadley,Unanimous,GUEARY,29 - 28
2024,UFC on ESPN 56,Johnson def. Hadley,Unanimous,PUCCILLO,29 - 28
2024,UFC on ESPN 56,Hardy def. Aldrich,Unanimous,FRANCIS,29 - 28
2024,UFC on ESPN 56,Hardy def. Aldrich,Unanimous,GUEARY,29 - 28
2024,UFC on ESPN 56,Hardy def. Aldrich,Unanimous,LEE,29 - 28
2024,UFC 301,Pantoja def. Erceg,Unanimous,ALVES,48 - 47
2024,UFC 301,Pantoja def. Erceg,Unanimous,D'AMATO,48 - 47
2024,UFC 301,Pantoja def. Erceg,Unanimous,TIRELLI,49 - 46
2024,UFC 301,Aldo def. Martinez,Unanimous,CARTLIDGE,30 - 27
2024,UFC 301,Aldo def. Martinez,Unanimous,FERREIRA,30 - 27
2024,UFC 301,Aldo def. Martinez,Unanimous,LETHABY,30 - 27
2024,UFC 301,Lucindo def. Kowalkiewicz,Unanimous,ALVES,30 - 27
2024,UFC 301,Lucindo def. Kowalkiewicz,Unanimous,D'AMATO,30 - 27
2024,UFC 301,Lucindo def. Kowalkiewicz,Unanimous,TIRELLI,30 - 27
2024,UFC 301,Orolbai def. Brener,Unanimous,ALVES,29 - 27
2024,UFC 301,Orolbai def. Brener,Unanimous,D'AMATO,29 - 27
2024,UFC 301,Orolbai def. Brener,Unanimous,TIRELLI,29 - 27
2024,UFC 301,Klose def. Silva,Unanimous,CARTLIDGE,29 - 28
2024,UFC 301,Klose def. Silva,Unanimous,FERREIRA,29 - 28
2024,UFC 301,Klose def. Silva,Unanimous,LETHABY,29 - 28
2024,UFC 301,Barbosa def. Kareckaite,Unanimous,ALVES,29 - 28
2024,UFC 301,Barbosa def. Kareckaite,Unanimous,D'AMATO,29 - 28
2024,UFC 301,Barbosa def. Kareckaite,Unanimous,TIRELLI,29 - 28
2024,UFC 301,Bonfim def. Pichel,Unanimous,CARTLIDGE,30 - 27
2024,UFC 301,Bonfim def. Pichel,Unanimous,FERREIRA,30 - 27
2024,UFC 301,Bonfim def. Pichel,Unanimous,LETHABY,30 - 27
2024,UFC Vegas 91,Silva def. da Silva,Unanimous,BELL,29 - 28
2024,UFC Vegas 91,Silva def. da Silva,Unanimous,BYRD,30 - 27
2024,UFC Vegas 91,Silva def. da Silva,Unanimous,D'AMATO,29 - 28
2024,UFC Vegas 91,Onama def. Pearce,Unanimous,COLÓN,29 - 28
2024,UFC Vegas 91,Onama def. Pearce,Unanimous,D'AMATO,29 - 28
2024,UFC Vegas 91,Onama def. Pearce,Unanimous,VALEL,29 - 28
2024,UFC Vegas 91,Hubbard def. Figlak,Unanimous,BELL,29 - 28
2024,UFC Vegas 91,Hubbard def. Figlak,Unanimous,COLÓN,29 - 28
2024,UFC Vegas 91,Hubbard def. Figlak,Unanimous,MINER,29 - 28
2024,UFC Vegas 91,Mayes def. Machado,Unanimous,D'AMATO,29 - 28
2024,UFC Vegas 91,Mayes def. Machado,Unanimous,KAMIJO,29 - 28
2024,UFC Vegas 91,Mayes def. Machado,Unanimous,WEEKS,29 - 28
2024,UFC Vegas 91,Souza def. Mann,Unanimous,BELL,30 - 27
2024,UFC Vegas 91,Souza def. Mann,Unanimous,D'AMATO,30 - 27
2024,UFC Vegas 91,Souza def. Mann,Unanimous,LEE,30 - 27
2024,UFC Vegas 91,Maheshate def. Benitez,Split,COLÓN,28 - 29
2024,UFC Vegas 91,Maheshate def. Benitez,Split,MINER,29 - 28
2024,UFC Vegas 91,Maheshate def. Benitez,Split,WEEKS,29 - 28
2024,UFC 300,Zhang def. Xiaonan,Unanimous,BELL,49 - 45
2024,UFC 300,Zhang def. Xiaonan,Unanimous,CARTLIDGE,49 - 45
2024,UFC 300,Zhang def. Xiaonan,Unanimous,LEE,49 - 45
2024,UFC 300,Tsarukyan def. Oliveira,Split,BELL,28 - 29
2024,UFC 300,Tsarukyan def. Oliveira,Split,BYRD,29 - 28
2024,UFC 300,Tsarukyan def. Oliveira,Split,MCCARTHY,29 - 28
2024,UFC 300,Sterling def. Kattar,Unanimous,CARTLIDGE,30 - 27
2024,UFC 300,Sterling def. Kattar,Unanimous,D'AMATO,30 - 27
2024,UFC 300,Sterling def. Kattar,Unanimous,MCCARTHY,30 - 27
2024,UFC 300,Andrade def. Rodriguez,Split,BYRD,29 - 28
2024,UFC 300,Andrade def. Rodriguez,Split,CLEARY,28 - 29
2024,UFC 300,Andrade def. Rodriguez,Split,LETHABY,29 - 28
2024,UFC 300,Green def. Miller,Unanimous,LEE,29 - 27
2024,UFC 300,Green def. Miller,Unanimous,LETHABY,30 - 25
2024,UFC 300,Green def. Miller,Unanimous,WEEKS,29 - 26
2024,UFC on ESPN+ 98,Allen def. Curtis,Split,BELL,47 - 48
2024,UFC on ESPN+ 98,Allen def. Curtis,Split,CLEARY,48 - 47
2024,UFC on ESPN+ 98,Allen def. Curtis,Split,COLÓN,49 - 46
2024,UFC on ESPN+ 98,Jackson def. Hernandez,Split,CLEARY,29 - 28
2024,UFC on ESPN+ 98,Jackson def. Hernandez,Split,KAMIJO,29 - 28
2024,UFC on ESPN+ 98,Jackson def. Hernandez,Split,MINER,27 - 30
2024,UFC on ESPN+ 98,Mariscal def. Charriere,Split,BELL,29 - 28
2024,UFC on ESPN+ 98,Mariscal def. Charriere,Split,BYRD,27 - 30
2024,UFC on ESPN+ 98,Mariscal def. Charriere,Split,COLÓN,29 - 28
2024,UFC on ESPN+ 98,Campbell def. Peek,Unanimous,FLORES,30 - 27
2024,UFC on ESPN+ 98,Campbell def. Peek,Unanimous,LEBEN,30 - 27
2024,UFC on ESPN+ 98,Campbell def. Peek,Unanimous,MINER,30 - 27
2024,UFC on ESPN+ 98,Morono def. McGee,Unanimous,BELL,29 - 28
2024,UFC on ESPN+ 98,Morono def. McGee,Unanimous,BYRD,29 - 28
2024,UFC on ESPN+ 98,Morono def. McGee,Unanimous,CLEARY,29 - 28
2024,UFC on ESPN+ 98,Brzeski def. Walker,Unanimous,COLÓN,29 - 28
2024,UFC on ESPN+ 98,Brzeski def. Walker,Unanimous,KAMIJO,29 - 28
2024,UFC on ESPN+ 98,Brzeski def. Walker,Unanimous,WINTER,29 - 28
2024,UFC on ESPN+ 98,Dumont def. de Randamie,Unanimous,BELL,29 - 28
2024,UFC on ESPN+ 98,Dumont def. de Randamie,Unanimous,CLEARY,29 - 28
2024,UFC on ESPN+ 98,Dumont def. de Randamie,Unanimous,FLORES,29 - 28
2024,UFC on ESPN+ 98,Hugo def. Falcao,Unanimous,BYRD,29 - 28
2024,UFC on ESPN+ 98,Hugo def. Falcao,Unanimous,LEBEN,30 - 27
2024,UFC on ESPN+ 98,Hugo def. Falcao,Unanimous,MINER,29 - 28
2024,UFC on ESPN 54,Fiorot def. Blanchfield,Unanimous,COLÓN,50 - 45
2024,UFC on ESPN 54,Fiorot def. Blanchfield,Unanimous,D'AMATO,50 - 45
2024,UFC on ESPN 54,Fiorot def. Blanchfield,Unanimous,LEE,50 - 45
2024,UFC on ESPN 54,Weidman def. Silva,Unanimous,COLÓN,30 - 27
2024,UFC on ESPN 54,Weidman def. Silva,Unanimous,D'AMATO,30 - 27
2024,UFC on ESPN 54,Weidman def. Silva,Unanimous,LEE,30 - 27
2024,UFC on ESPN 54,Njokuani def. McKee,Split,D'AMATO,30 - 27
2024,UFC on ESPN 54,Njokuani def. McKee,Split,LEE,30 - 27
2024,UFC on ESPN 54,Njokuani def. McKee,Split,QUERIDO,28 - 29
2024,UFC on ESPN 54,Jandiroba def. Godinez,Unanimous,COLÓN,29 - 28
2024,UFC on ESPN 54,Jandiroba def. Godinez,Unanimous,LEE,30 - 27
2024,UFC on ESPN 54,Jandiroba def. Godinez,Unanimous,QUERIDO,29 - 28
2024,UFC on ESPN 54,Loughran def. Pacheco,Unanimous,CASTRO,30 - 27
2024,UFC on ESPN 54,Loughran def. Pacheco,Unanimous,COLÓN,30 - 27
2024,UFC on ESPN 54,Loughran def. Pacheco,Unanimous,TIRELLI,30 - 26
2024,UFC on ESPN 53,Namajunas def. Ribas,Unanimous,BELL,49 - 46
2024,UFC on ESPN 53,Namajunas def. Ribas,Unanimous,D'AMATO,48 - 47
2024,UFC on ESPN 53,Namajunas def. Ribas,Unanimous,KAMIJO,49 - 46
2024,UFC on ESPN 53,Williams def. Tafa,Unanimous,BELL,29 - 28
2024,UFC on ESPN 53,Williams def. Tafa,Unanimous,FLORES,29 - 28
2024,UFC on ESPN 53,Williams def. Tafa,Unanimous,MONTALVO,30 - 27
2024,UFC on ESPN 53,Ogden def. Holobaugh,Unanimous,D'AMATO,30 - 27
2024,UFC on ESPN 53,Ogden def. Holobaugh,Unanimous,LEBEN,30 - 27
2024,UFC on ESPN 53,Ogden def. Holobaugh,Unanimous,MONTALVO,30 - 27
2024,UFC on ESPN 53,Johns def. Gibson,Unanimous,D'AMATO,30 - 27
2024,UFC on ESPN 53,Johns def. Gibson,Unanimous,FLORES,30 - 27
2024,UFC on ESPN 53,Johns def. Gibson,Unanimous,LEBEN,30 - 27
2024,UFC on ESPN 53,Errens def. Nguyen,Unanimous,BELL,30 - 27
2024,UFC on ESPN 53,Errens def. Nguyen,Unanimous,FLORES,30 - 27
2024,UFC on ESPN 53,Errens def. Nguyen,Unanimous,MONTALVO,30 - 27
2024,UFC on ESPN 53,Zhelezniakova def. Rendon,Unanimous,BELL,29 - 28
2024,UFC on ESPN 53,Zhelezniakova def. Rendon,Unanimous,D'AMATO,29 - 28
2024,UFC on ESPN 53,Zhelezniakova def. Rendon,Unanimous,KAMIJO,29 - 28
2024,UFC on ESPN 53,Parkin def. Usman,Unanimous,BELL,29 - 28
2024,UFC on ESPN 53,Parkin def. Usman,Unanimous,BYRD,29 - 28
2024,UFC on ESPN 53,Parkin def. Usman,Unanimous,D'AMATO,29 - 28
2024,UFC on ESPN+ 97,Saint Preux def. Nzechukwu,Split,BYRD,29 - 28
2024,UFC on ESPN+ 97,Saint Preux def. Nzechukwu,Split,CLEARY,28 - 29
2024,UFC on ESPN+ 97,Saint Preux def. Nzechukwu,Split,KAMIJO,29 - 28
2024,UFC on ESPN+ 97,Rodriguez def. Dulgarian,Split,D'AMATO,28 - 27
2024,UFC on ESPN+ 97,Rodriguez def. Dulgarian,Split,MANESS,27 - 28
2024,UFC on ESPN+ 97,Rodriguez def. Dulgarian,Split,MCCARTHY,28 - 27
2024,UFC on ESPN+ 97,Chandler def. Nunes,Unanimous,BELL,29 - 28
2024,UFC on ESPN+ 97,Chandler def. Nunes,Unanimous,BYRD,29 - 28
2024,UFC on ESPN+ 97,Chandler def. Nunes,Unanimous,CLEARY,29 - 28
2024,UFC on ESPN+ 97,Silva def. Culibao,Split,CLEARY,29 - 28
2024,UFC on ESPN+ 97,Silva def. Culibao,Split,D'AMATO,28 - 29
2024,UFC on ESPN+ 97,Silva def. Culibao,Split,MCCARTHY,29 - 28
2024,UFC on ESPN+ 97,Anheliger def. Grigoriou,Unanimous,BYRD,29 - 28
2024,UFC on ESPN+ 97,Anheliger def. Grigoriou,Unanimous,CLEARY,30 - 27
2024,UFC on ESPN+ 97,Anheliger def. Grigoriou,Unanimous,VALEL,29 - 28
2024,UFC 299,O'Malley def. Vera,Unanimous,COLÓN,50 - 45
2024,UFC 299,O'Malley def. Vera,Unanimous,D'AMATO,50 - 44
2024,UFC 299,O'Malley def. Vera,Unanimous,LEE,50 - 45
2024,UFC 299,Page def. Holland,Unanimous,COLÓN,29 - 28
2024,UFC 299,Page def. Holland,Unanimous,LEE,29 - 28
2024,UFC 299,Page def. Holland,Unanimous,TIRELLI,29 - 28
2024,UFC 299,Yan def. Yadong,Unanimous,LEE,29 - 28
2024,UFC 299,Yan def. Yadong,Unanimous,TATE,29 - 28
2024,UFC 299,Yan def. Yadong,Unanimous,TIRELLI,29 - 28
2024,UFC 299,Barber def. Cerminara,Unanimous,D'AMATO,30 - 27
2024,UFC 299,Barber def. Cerminara,Unanimous,LEE,29 - 28
2024,UFC 299,Barber def. Cerminara,Unanimous,TATE,30 - 27
2024,UFC 299,Gamrot def. dos Anjos,Unanimous,COLÓN,30 - 27
2024,UFC 299,Gamrot def. dos Anjos,Unanimous,GRENIER,29 - 28
2024,UFC 299,Gamrot def. dos Anjos,Unanimous,LEE,29 - 28
2024,UFC 299,Phillips def. Munhoz,Unanimous,D'AMATO,30 - 27
2024,UFC 299,Phillips def. Munhoz,Unanimous,RODRIGUEZ,30 - 27
2024,UFC 299,Phillips def. Munhoz,Unanimous,TIRELLI,30 - 27
2024,UFC 299,Lins def. Cutelaba,Unanimous,D'AMATO,29 - 28
2024,UFC 299,Lins def. Cutelaba,Unanimous,LEE,29 - 28
2024,UFC 299,Lins def. Cutelaba,Unanimous,TIRELLI,29 - 28
2024,UFC 299,Almabaev def. Vergara,Unanimous,D'AMATO,30 - 27
2024,UFC 299,Almabaev def. Vergara,Unanimous,TATE,30 - 27
2024,UFC 299,Almabaev def. Vergara,Unanimous,TIRELLI,30 - 27
2024,UFC 299,Wood def. Moroz,Split,GRENIER,28 - 29
2024,UFC 299,Wood def. Moroz,Split,LEE,29 - 28
2024,UFC 299,Wood def. Moroz,Split,RODRIGUEZ,29 - 28
2024,UFC on ESPN+ 96,Petrino def. Pedro,Unanimous,BELL,30 - 27
2024,UFC on ESPN+ 96,Petrino def. Pedro,Unanimous,BYRD,30 - 27
2024,UFC on ESPN+ 96,Petrino def. Pedro,Unanimous,KAMIJO,29 - 28
2024,UFC on ESPN+ 96,Mokaev def. Perez,Unanimous,D'AMATO,29 - 28
2024,UFC on ESPN+ 96,Mokaev def. Perez,Unanimous,LEE,29 - 28
2024,UFC on ESPN+ 96,Mokaev def. Perez,Unanimous,WINTER,29 - 28
2024,UFC on ESPN+ 96,Nurmagomedov def. Almakhan,Unanimous,BELL,30 - 25
2024,UFC on ESPN+ 96,Nurmagomedov def. Almakhan,Unanimous,MINER,30 - 26
2024,UFC on ESPN+ 96,Nurmagomedov def. Almakhan,Unanimous,MONTALVO,30 - 26
2024,UFC on ESPN+ 96,Anders def. Pickett,Unanimous,CLEARY,29 - 27
2024,UFC on ESPN+ 96,Anders def. Pickett,Unanimous,D'AMATO,29 - 28
2024,UFC on ESPN+ 96,Anders def. Pickett,Unanimous,KAMIJO,29 - 28
2024,UFC on ESPN+ 96,Zahabi def. Basharat,Unanimous,CLEARY,29 - 28
2024,UFC on ESPN+ 96,Zahabi def. Basharat,Unanimous,D'AMATO,29 - 28
2024,UFC on ESPN+ 96,Zahabi def. Basharat,Unanimous,MINER,29 - 28
2024,UFC on ESPN+ 95,Royval def. Moreno,Split,BELL,48 - 47
2024,UFC on ESPN+ 95,Royval def. Moreno,Split,KAMIJO,46 - 49
2024,UFC on ESPN+ 95,Royval def. Moreno,Split,LEE,48 - 47
2024,UFC on ESPN+ 95,Zellhuber def. Prado,Unanimous,JIMENEZ,29 - 28
2024,UFC on ESPN+ 95,Zellhuber def. Prado,Unanimous,KAMIJO,29 - 28
2024,UFC on ESPN+ 95,Zellhuber def. Prado,Unanimous,WINTER,30 - 27
2024,UFC on ESPN+ 95,Jauregui def. Hughes,Unanimous,BELL,30 - 27
2024,UFC on ESPN+ 95,Jauregui def. Hughes,Unanimous,LOPEZ,30 - 27
2024,UFC on ESPN+ 95,Jauregui def. Hughes,Unanimous,WINTER,30 - 27
2024,UFC on ESPN+ 95,Aguilar def. Mendonca,Split,BELL,29 - 28
2024,UFC on ESPN+ 95,Aguilar def. Mendonca,Split,COLÓN,28 - 29
2024,UFC on ESPN+ 95,Aguilar def. Mendonca,Split,LOPEZ,29 - 28
2024,UFC on ESPN+ 95,Ziam def. Puelles,Split,BELL,30 - 27
2024,UFC on ESPN+ 95,Ziam def. Puelles,Split,LEE,29 - 28
2024,UFC on ESPN+ 95,Ziam def. Puelles,Split,SALAS,28 - 29
2024,UFC on ESPN+ 95,dos Santos def. Altamirano,Split,BELL,29 - 28
2024,UFC on ESPN+ 95,dos Santos def. Altamirano,Split,JIMENEZ,27 - 30
2024,UFC on ESPN+ 95,dos Santos def. Altamirano,Split,KAMIJO,29 - 28
2024,UFC 298,Whittaker def. Costa,Unanimous,BELL,30 - 27
2024,UFC 298,Whittaker def. Costa,Unanimous,KELLY,29 - 28
2024,UFC 298,Whittaker def. Costa,Unanimous,MCCARTHY,29 - 28
2024,UFC 298,Garry def. Neal,Split,CLEARY,28 - 29
2024,UFC 298,Garry def. Neal,Split,D'AMATO,30 - 27
2024,UFC 298,Garry def. Neal,Split,OH,30 - 27
2024,UFC 298,Dvalishvili def. Cejudo,Unanimous,BELL,29 - 28
2024,UFC 298,Dvalishvili def. Cejudo,Unanimous,DAVIS,29 - 28
2024,UFC 298,Dvalishvili def. Cejudo,Unanimous,LEBEN,29 - 28
2024,UFC 298,Lemos def. Dern,Unanimous,BELL,29 - 28
2024,UFC 298,Lemos def. Dern,Unanimous,CLEARY,29 - 28
2024,UFC 298,Lemos def. Dern,Unanimous,D'AMATO,29 - 28
2024,UFC 298,Nakamura def. Vera,Unanimous,DAVIS,30 - 27
2024,UFC 298,Nakamura def. Vera,Unanimous,LEBEN,30 - 27
2024,UFC 298,Nakamura def. Vera,Unanimous,MCCARTHY,30 - 27
2024,UFC 298,Elliott def. Woodburn,Unanimous,BELL,30 - 27
2024,UFC 298,Elliott def. Woodburn,Unanimous,KELLY,29 - 28
2024,UFC 298,Elliott def. Woodburn,Unanimous,LEBEN,30 - 27
2024,UFC 298,Maverick def. Lee,Unanimous,DAVIS,30 - 27
2024,UFC 298,Maverick def. Lee,Unanimous,MCCARTHY,29 - 28
2024,UFC 298,Maverick def. Lee,Unanimous,OH,30 - 27
2024,UFC on ESPN+ 94,Hermansson def. Pyfer,Unanimous,BELL,48 - 47
2024,UFC on ESPN+ 94,Hermansson def. Pyfer,Unanimous,D'AMATO,48 - 47
2024,UFC on ESPN+ 94,Hermansson def. Pyfer,Unanimous,LEE,48 - 47
2024,UFC on ESPN+ 94,Potieria def. Bryczek,Unanimous,BYRD,30 - 27
2024,UFC on ESPN+ 94,Potieria def. Bryczek,Unanimous,FLORES,29 - 28
2024,UFC on ESPN+ 94,Potieria def. Bryczek,Unanimous,MONTALVO,30 - 27
2024,UFC on ESPN+ 94,Johnson def. Flowers,Unanimous,COLÓN,30 - 27
2024,UFC on ESPN+ 94,Johnson def. Flowers,Unanimous,KAMIJO,30 - 27
2024,UFC on ESPN+ 94,Johnson def. Flowers,Unanimous,LEE,30 - 27
2024,UFC on ESPN+ 94,Oki def. Cuamba,Split,BELL,29 - 28
2024,UFC on ESPN+ 94,Oki def. Cuamba,Split,LEBEN,29 - 28
2024,UFC on ESPN+ 94,Oki def. Cuamba,Split,LEE,28 - 29
2024,UFC on ESPN+ 94,Lookboonmee def. Brasil,Unanimous,COLÓN,29 - 28
2024,UFC on ESPN+ 94,Lookboonmee def. Brasil,Unanimous,D'AMATO,29 - 28
2024,UFC on ESPN+ 94,Lookboonmee def. Brasil,Unanimous,KAMIJO,29 - 28
2024,UFC on ESPN+ 94,Prachnio def. Clark,Unanimous,BELL,30 - 27
2024,UFC on ESPN+ 94,Prachnio def. Clark,Unanimous,LEE,30 - 27
2024,UFC on ESPN+ 94,Prachnio def. Clark,Unanimous,MONTALVO,30 - 27
2024,UFC on ESPN+ 94,Griffin def. Wells,Split,BYRD,29 - 28
2024,UFC on ESPN+ 94,Griffin def. Wells,Split,D'AMATO,28 - 29
2024,UFC on ESPN+ 94,Griffin def. Wells,Split,KAMIJO,29 - 28
2024,UFC on ESPN+ 93,Imavov def. Dolidze,Majority,CLEARY,49 - 44
2024,UFC on ESPN+ 93,Imavov def. Dolidze,Majority,D'AMATO,48 - 46
2024,UFC on ESPN+ 93,Imavov def. Dolidze,Majority,MCCARTHY,47 - 47
2024,UFC on ESPN+ 93,Moicano def. Dober,Unanimous,BELL,29 - 28
2024,UFC on ESPN+ 93,Moicano def. Dober,Unanimous,KAMIJO,29 - 28
2024,UFC on ESPN+ 93,Moicano def. Dober,Unanimous,LEE,29 - 28
2024,UFC on ESPN+ 93,Silva def. Araujo,Unanimous,BELL,29 - 28
2024,UFC on ESPN+ 93,Silva def. Araujo,Unanimous,CLEARY,29 - 28
2024,UFC on ESPN+ 93,Silva def. Araujo,Unanimous,D'AMATO,29 - 28
2024,UFC on ESPN+ 93,Johnson def. Maksum,Unanimous,CLEARY,29 - 28
2024,UFC on ESPN+ 93,Johnson def. Maksum,Unanimous,D'AMATO,29 - 28
2024,UFC on ESPN+ 93,Johnson def. Maksum,Unanimous,LEE,29 - 28
2024,UFC on ESPN+ 93,Lee def. Bilder,Unanimous,BELL,30 - 27
2024,UFC on ESPN+ 93,Lee def. Bilder,Unanimous,BYRD,30 - 27
2024,UFC on ESPN+ 93,Lee def. Bilder,Unanimous,LEE,30 - 27
2024,UFC on ESPN+ 93,Mederos def. Quinones,Unanimous,BYRD,29 - 28
2024,UFC on ESPN+ 93,Mederos def. Quinones,Unanimous,KAMIJO,29 - 28
2024,UFC on ESPN+ 93,Mederos def. Quinones,Unanimous,MCCARTHY,29 - 28
2024,UFC on ESPN+ 93,Pogues def. Petersen,Unanimous,BELL,29 - 28
2024,UFC on ESPN+ 93,Pogues def. Petersen,Unanimous,LEE,30 - 27
2024,UFC on ESPN+ 93,Pogues def. Petersen,Unanimous,MANESS,29 - 28
2024,UFC 297,Du Plessis def. Strickland,Split,CLEARY,48 - 47
2024,UFC 297,Du Plessis def. Strickland,Split,COLÓN,48 - 47
2024,UFC 297,Du Plessis def. Strickland,Split,D'AMATO,47 - 48
2024,UFC 297,Pennington def. Bueno Silva,Unanimous,COLÓN,49 - 46
2024,UFC 297,Pennington def. Bueno Silva,Unanimous,D'AMATO,49 - 46
2024,UFC 297,Pennington def. Bueno Silva,Unanimous,HANIFF,49 - 45
2024,UFC 297,Curtis def. Barriault,Split,CLEARY,28 - 29
2024,UFC 297,Curtis def. Barriault,Split,COLÓN,30 - 27
2024,UFC 297,Curtis def. Barriault,Split,WOODS,30 - 27
2024,UFC 297,Evloev def. Allen,Unanimous,COLÓN,29 - 28
2024,UFC 297,Evloev def. Allen,Unanimous,HANIFF,29 - 28
2024,UFC 297,Evloev def. Allen,Unanimous,VANDERMEER,29 - 28
2024,UFC 297,Armfield def. Katona,Unanimous,COLÓN,29 - 28
2024,UFC 297,Armfield def. Katona,Unanimous,COSTELLO,29 - 28
2024,UFC 297,Armfield def. Katona,Unanimous,D'AMATO,29 - 28
2024,UFC 297,Woodson def. Jourdain,Split,CLEARY,29 - 28
2024,UFC 297,Woodson def. Jourdain,Split,VANDERMEER,28 - 29
2024,UFC 297,Woodson def. Jourdain,Split,WOODS,29 - 28
2024,UFC 297,Taveras def. Sidey,Split,CLEARY,28 - 29
2024,UFC 297,Taveras def. Sidey,Split,COLÓN,29 - 28
2024,UFC 297,Taveras def. Sidey,Split,HANIFF,29 - 28
2024,UFC on ESPN+ 92,Bautista def. Simon,Unanimous,CLEARY,29 - 28
2024,UFC on ESPN+ 92,Bautista def. Simon,Unanimous,D'AMATO,30 - 27
2024,UFC on ESPN+ 92,Bautista def. Simon,Unanimous,LEE,30 - 27
2024,UFC on ESPN+ 92,Cortes-Acosta def. Arlovski,Unanimous,CLEARY,29 - 28
2024,UFC on ESPN+ 92,Cortes-Acosta def. Arlovski,Unanimous,D'AMATO,29 - 28
2024,UFC on ESPN+ 92,Cortes-Acosta def. Arlovski,Unanimous,LEE,29 - 28
2024,UFC on ESPN+ 92,Parsons def. Semelsberger,Unanimous,BELL,30 - 27
2024,UFC on ESPN+ 92,Parsons def. Semelsberger,Unanimous,KAMIJO,30 - 27
2024,UFC on ESPN+ 92,Parsons def. Semelsberger,Unanimous,MCCARTHY,30 - 27
2024,UFC on ESPN+ 92,Basharat def. Lapilus,Unanimous,BELL,30 - 27
2024,UFC on ESPN+ 92,Basharat def. Lapilus,Unanimous,D'AMATO,30 - 27
2024,UFC on ESPN+ 92,Basharat def. Lapilus,Unanimous,KAMIJO,30 - 27
2025,UFC 317,Van def. Royval,Unanimous,BELL,29 - 28
2025,UFC 317,Van def. Royval,Unanimous,MCCARTHY,29 - 28
2025,UFC 317,Van def. Royval,Unanimous,WERNER,30 - 27
2025,UFC 317,Dariush def. Moicano,Unanimous,BELL,29 - 28
2025,UFC 317,Dariush def. Moicano,Unanimous,KAMIJO,29 - 28
2025,UFC 317,Dariush def. Moicano,Unanimous,LETHABY,29 - 28
2025,UFC 317,Talbott def. Lima,Unanimous,CARTLIDGE,29 - 28
2025,UFC 317,Talbott def. Lima,Unanimous,LEE,29 - 28
2025,UFC 317,Talbott def. Lima,Unanimous,MCCARTHY,29 - 28
2025,UFC 317,Cortez def. Araujo,Unanimous,BELL,30 - 27
2025,UFC 317,Cortez def. Araujo,Unanimous,D'AMATO,30 - 27
2025,UFC 317,Cortez def. Araujo,Unanimous,MCCARTHY,30 - 27
2025,UFC 317,Diniz def. Hines,Unanimous,LEE,29 - 28
2025,UFC 317,Diniz def. Hines,Unanimous,WEEKS,29 - 28
2025,UFC 317,Diniz def. Hines,Unanimous,WERNER,29 - 28
2025,UFC on ABC 8,Rountree Jr. def. Hill,Unanimous,CARTLIDGE,49 - 46
2025,UFC on ABC 8,Rountree Jr. def. Hill,Unanimous,LETHABY,50 - 45
2025,UFC on ABC 8,Rountree Jr. def. Hill,Unanimous,WERNER,50 - 45
2025,UFC on ABC 8,Fiziev def. Bahamondes,Unanimous,COLÓN,30 - 27
2025,UFC on ABC 8,Fiziev def. Bahamondes,Unanimous,PAOLILLO,30 - 27
2025,UFC on ABC 8,Fiziev def. Bahamondes,Unanimous,RANSOM,30 - 27
2025,UFC on ABC 8,Blaydes def. Kuniev,Split,CARTLIDGE,28 - 29
2025,UFC on ABC 8,Blaydes def. Kuniev,Split,COLÓN,29 - 28
2025,UFC on ABC 8,Blaydes def. Kuniev,Split,RANSOM,29 - 28
2025,UFC on ABC 8,Naimov def. Grad,Unanimous,CARTLIDGE,29 - 28
2025,UFC on ABC 8,Naimov def. Grad,Unanimous,LETHABY,29 - 28
2025,UFC on ABC 8,Naimov def. Grad,Unanimous,RANSOM,29 - 28
2025,UFC on ABC 8,Ko def. Elliott,Unanimous,COLÓN,30 - 27
2025,UFC on ABC 8,Ko def. Elliott,Unanimous,RANSOM,30 - 27
2025,UFC on ABC 8,Ko def. Elliott,Unanimous,WERNER,30 - 27
2025,UFC on ABC 8,Park def. Naurdiev,Unanimous,CARTLIDGE,29 - 25
2025,UFC on ABC 8,Park def. Naurdiev,Unanimous,PAOLILLO,29 - 26
2025,UFC on ABC 8,Park def. Naurdiev,Unanimous,WERNER,29 - 26
2025,UFC on ABC 8,Zhelezniakova def. Mullins,Unanimous,COLÓN,30 - 27
2025,UFC on ABC 8,Zhelezniakova def. Mullins,Unanimous,LETHABY,30 - 27
2025,UFC on ABC 8,Zhelezniakova def. Mullins,Unanimous,RANSOM,29 - 28
2025,UFC on ABC 8,Sygula def. Alekseeva,Unanimous,CARTLIDGE,30 - 27
2025,UFC on ABC 8,Sygula def. Alekseeva,Unanimous,COLÓN,30 - 27
2025,UFC on ABC 8,Sygula def. Alekseeva,Unanimous,RANSOM,30 - 27
2025,UFC on ABC 8,Ulanbekov def. Maksum,Unanimous,COLÓN,29 - 28
2025,UFC on ABC 8,Ulanbekov def. Maksum,Unanimous,PAOLILLO,30 - 27
2025,UFC on ABC 8,Ulanbekov def. Maksum,Unanimous,RANSOM,30 - 27
2025,UFC on ABC 8,Usman def. Abdelwahab,Unanimous,CARTLIDGE,29 - 28
2025,UFC on ABC 8,Usman def. Abdelwahab,Unanimous,LETHABY,29 - 28
2025,UFC on ABC 8,Usman def. Abdelwahab,Unanimous,PAOLILLO,29 - 28
2025,UFC on ESPN 69,Usman def. Buckley,Unanimous,BELL,48 - 47
2025,UFC on ESPN 69,Usman def. Buckley,Unanimous,CLEARY,49 - 46
2025,UFC on ESPN 69,Usman def. Buckley,Unanimous,D'AMATO,49 - 46
2025,UFC on ESPN 69,Namajunas def. Maverick,Unanimous,CLEARY,30 - 27
2025,UFC on ESPN 69,Namajunas def. Maverick,Unanimous,MARIGLIANO,30 - 27
2025,UFC on ESPN 69,Namajunas def. Maverick,Unanimous,MCCARTHY,29 - 28
2025,UFC on ESPN 69,Shahbazyan def. Petroski,Unanimous,D'AMATO,30 - 27
2025,UFC on ESPN 69,Shahbazyan def. Petroski,Unanimous,FISHER,30 - 27
2025,UFC on ESPN 69,Shahbazyan def. Petroski,Unanimous,MANN,29 - 28
2025,UFC on ESPN 69,Barcelos def. Garbrandt,Unanimous,BELL,29 - 28
2025,UFC on ESPN 69,Barcelos def. Garbrandt,Unanimous,MANN,29 - 28
2025,UFC on ESPN 69,Barcelos def. Garbrandt,Unanimous,MCCARTHY,29 - 28
2025,UFC on ESPN 69,Abdul-Malik def. Brundage,Unanimous,D'AMATO,29 - 28
2025,UFC on ESPN 69,Abdul-Malik def. Brundage,Unanimous,FISHER,30 - 27
2025,UFC on ESPN 69,Abdul-Malik def. Brundage,Unanimous,MARIGLIANO,29 - 28
2025,UFC on ESPN 69,Menifield def. Sy,Unanimous,CLEARY,29 - 28
2025,UFC on ESPN 69,Menifield def. Sy,Unanimous,FISHER,29 - 28
2025,UFC on ESPN 69,Menifield def. Sy,Unanimous,MCCARTHY,29 - 28
2025,UFC on ESPN 69,Chiesa def. McGee,Unanimous,CLEARY,30 - 27
2025,UFC on ESPN 69,Chiesa def. McGee,Unanimous,FISHER,29 - 28
2025,UFC on ESPN 69,Chiesa def. McGee,Unanimous,MARIGLIANO,30 - 27
2025,UFC on ESPN 69,Simon def. Smotherman,Unanimous,CLEARY,29 - 28
2025,UFC on ESPN 69,Simon def. Smotherman,Unanimous,FISHER,30 - 27
2025,UFC on ESPN 69,Simon def. Smotherman,Unanimous,MARIGLIANO,30 - 27
2025,UFC on ESPN 69,Horth def. Demopoulos,Unanimous,CLEARY,30 - 27
2025,UFC on ESPN 69,Horth def. Demopoulos,Unanimous,FISHER,30 - 27
2025,UFC on ESPN 69,Horth def. Demopoulos,Unanimous,MARIGLIANO,30 - 27
2025,UFC 316,Pyfer def. Gastelum,Unanimous,COLÓN,29 - 27
2025,UFC 316,Pyfer def. Gastelum,Unanimous,D'AMATO,30 - 27
2025,UFC 316,Pyfer def. Gastelum,Unanimous,LEE,29 - 28
2025,UFC 316,Bautista def. Mix,Unanimous,CASTRO,30 - 27
2025,UFC 316,Bautista def. Mix,Unanimous,COLÓN,30 - 27
2025,UFC 316,Bautista def. Mix,Unanimous,D'AMATO,29 - 28
2025,UFC 316,Cortes-Acosta def. Spivac,Unanimous,BILYK,29 - 28
2025,UFC 316,Cortes-Acosta def. Spivac,Unanimous,QUERIDO,29 - 28
2025,UFC 316,Cortes-Acosta def. Spivac,Unanimous,TAMBURRINO,30 - 27
2025,UFC 316,Gustafsson def. Williams,Unanimous,COLÓN,30 - 27
2025,UFC 316,Gustafsson def. Williams,Unanimous,D'AMATO,30 - 26
2025,UFC 316,Gustafsson def. Williams,Unanimous,LEE,30 - 26
2025,UFC 316,Cong def. da Silva,Unanimous,BILYK,30 - 27
2025,UFC 316,Cong def. da Silva,Unanimous,QUERIDO,30 - 27
2025,UFC 316,Cong def. da Silva,Unanimous,TAMBURRINO,30 - 27
2025,UFC 316,Salkilld def. Ashmoz,Unanimous,BILYK,30 - 27
2025,UFC 316,Salkilld def. Ashmoz,Unanimous,CASTRO,29 - 28
2025,UFC 316,Salkilld def. Ashmoz,Unanimous,TAMBURRINO,29 - 28
2025,UFC 316,Mederos def. Choinski,Unanimous,CASTRO,30 - 27
2025,UFC 316,Mederos def. Choinski,Unanimous,LEE,29 - 28
2025,UFC 316,Mederos def. Choinski,Unanimous,TAMBURRINO,30 - 27
2025,UFC on ESPN 68,Gamrot def. Klein,Unanimous,COLÓN,30 - 27
2025,UFC on ESPN 68,Gamrot def. Klein,Unanimous,D'AMATO,30 - 27
2025,UFC on ESPN 68,Gamrot def. Klein,Unanimous,MINER,30 - 27
2025,UFC on ESPN 68,Vieira def. Chiasson,Unanimous,BELL,29 - 28
2025,UFC on ESPN 68,Vieira def. Chiasson,Unanimous,D'AMATO,30 - 27
2025,UFC on ESPN 68,Vieira def. Chiasson,Unanimous,LEBEN,29 - 28
2025,UFC on ESPN 68,Reese def. Todorovic,Unanimous,COLÓN,29 - 28
2025,UFC on ESPN 68,Reese def. Todorovic,Unanimous,MINER,29 - 28
2025,UFC on ESPN 68,Reese def. Todorovic,Unanimous,WEEKS,29 - 28
2025,UFC on ESPN 68,Nascimento def. Filho,Unanimous,D'AMATO,29 - 28
2025,UFC on ESPN 68,Nascimento def. Filho,Unanimous,KAMIJO,29 - 28
2025,UFC on ESPN 68,Nascimento def. Filho,Unanimous,LEBEN,29 - 28
2025,UFC on ESPN 68,Oki def. Aswell,Unanimous,BELL,29 - 28
2025,UFC on ESPN 68,Oki def. Aswell,Unanimous,MCCARTHY,29 - 28
2025,UFC on ESPN 68,Oki def. Aswell,Unanimous,MINER,29 - 28
2025,UFC on ESPN 68,Ardelean def. dos Santos,Unanimous,BELL,30 - 27
2025,UFC on ESPN 68,Ardelean def. dos Santos,Unanimous,COLÓN,29 - 28
2025,UFC on ESPN 68,Ardelean def. dos Santos,Unanimous,D'AMATO,29 - 28
2025,UFC on ESPN+ 114,Santos def. Yusuff,Unanimous,CLEARY,30 - 27
2025,UFC on ESPN+ 114,Santos def. Yusuff,Unanimous,COLÓN,29 - 28
2025,UFC on ESPN+ 114,Santos def. Yusuff,Unanimous,D'AMATO,30 - 27
2025,UFC on ESPN+ 114,Ruziboev def. Stoltzfus,Unanimous,BELL,29 - 28
2025,UFC on ESPN+ 114,Ruziboev def. Stoltzfus,Unanimous,COLÓN,29 - 28
2025,UFC on ESPN+ 114,Ruziboev def. Stoltzfus,Unanimous,WEEKS,30 - 27
2025,UFC on ESPN+ 114,Costa def. Erosa,Unanimous,KAMIJO,29 - 28
2025,UFC on ESPN+ 114,Costa def. Erosa,Unanimous,LEE,29 - 28
2025,UFC on ESPN+ 114,Costa def. Erosa,Unanimous,MCCARTHY,29 - 28
2025,UFC on ESPN+ 114,Pennington def. Pinheiro,Unanimous,CLEARY,29 - 28
2025,UFC on ESPN+ 114,Pennington def. Pinheiro,Unanimous,D'AMATO,29 - 28
2025,UFC on ESPN+ 114,Pennington def. Pinheiro,Unanimous,MCCARTHY,29 - 28
2025,UFC 315,Della Maddalena def. Muhammad,Unanimous,BELL,48 - 47
2025,UFC 315,Della Maddalena def. Muhammad,Unanimous,COLÓN,49 - 46
2025,UFC 315,Della Maddalena def. Muhammad,Unanimous,THERIEN,48 - 47
2025,UFC 315,Shevchenko def. Fiorot,Unanimous,D'AMATO,48 - 47
2025,UFC 315,Shevchenko def. Fiorot,Unanimous,GIRARD,48 - 47
2025,UFC 315,Shevchenko def. Fiorot,Unanimous,LEE,48 - 47
2025,UFC 315,Zahabi def. Aldo,Unanimous,BELL,29 - 28
2025,UFC 315,Zahabi def. Aldo,Unanimous,PROCOPIO,29 - 28
2025,UFC 315,Zahabi def. Aldo,Unanimous,THERIEN,29 - 28
2025,UFC 315,Silva def. Grasso,Unanimous,LEE,30 - 27
2025,UFC 315,Silva def. Grasso,Unanimous,THERIEN,30 - 27
2025,UFC 315,Silva def. Grasso,Unanimous,VALEL,30 - 27
2025,UFC 315,Bukauskas def. Cutelaba,Split,D'AMATO,29 - 28
2025,UFC 315,Bukauskas def. Cutelaba,Split,PROCOPIO,30 - 27
2025,UFC 315,Bukauskas def. Cutelaba,Split,VALEL,27 - 30
2025,UFC 315,Stirling def. Erslan,Unanimous,BELL,29 - 27
2025,UFC 315,Stirling def. Erslan,Unanimous,COLÓN,29 - 28
2025,UFC 315,Stirling def. Erslan,Unanimous,GIRARD,29 - 28
2025,UFC 315,Santos def. Lee,Unanimous,D'AMATO,30 - 27
2025,UFC 315,Santos def. Lee,Unanimous,GIRARD,30 - 27
2025,UFC 315,Santos def. Lee,Unanimous,PROCOPIO,30 - 27
2025,UFC on ESPN 67,Jackson def. Marcos,Unanimous,CLEARY,30 - 27
2025,UFC on ESPN 67,Jackson def. Marcos,Unanimous,HUCKFELDT,30 - 27
2025,UFC on ESPN 67,Jackson def. Marcos,Unanimous,PUCCILLO,30 - 27
2025,UFC on ESPN 67,Sidey def. Smotherman,Unanimous,MOORE,29 - 28
2025,UFC on ESPN 67,Sidey def. Smotherman,Unanimous,PUCCILLO,29 - 28
2025,UFC on ESPN 67,Sidey def. Smotherman,Unanimous,STEWART,30 - 27
2025,UFC on ESPN 67,Jones def. Stephens,Unanimous,BELL,30 - 27
2025,UFC on ESPN 67,Jones def. Stephens,Unanimous,HUCKFELDT,30 - 27
2025,UFC on ESPN 67,Jones def. Stephens,Unanimous,MCCARTHY,30 - 27
2025,UFC on ESPN 67,Santos def. Tate,Unanimous,CLEARY,29 - 28
2025,UFC on ESPN 67,Santos def. Tate,Unanimous,PUCCILLO,29 - 28
2025,UFC on ESPN 67,Santos def. Tate,Unanimous,STEWART,29 - 28
2025,UFC on ESPN 67,Petersen def. Mayes,Unanimous,CLEARY,30 - 26
2025,UFC on ESPN 67,Petersen def. Mayes,Unanimous,HUCKFELDT,30 - 25
2025,UFC on ESPN 67,Petersen def. Mayes,Unanimous,MCCARTHY,30 - 26
2025,UFC on ESPN 67,Miller def. Petrovic,Unanimous,BELL,29 - 28
2025,UFC on ESPN 67,Miller def. Petrovic,Unanimous,HUCKFELDT,29 - 28
2025,UFC on ESPN 67,Miller def. Petrovic,Unanimous,STEWART,29 - 28
2025,UFC on ESPN 66,Garry def. Prates,Unanimous,BUESKING,49 - 46
2025,UFC on ESPN 66,Garry def. Prates,Unanimous,D'AMATO,48 - 47
2025,UFC on ESPN 66,Garry def. Prates,Unanimous,LEE,48 - 47
2025,UFC on ESPN 66,Onama def. Chikadze,Unanimous,GUEARY,29 - 28
2025,UFC on ESPN 66,Onama def. Chikadze,Unanimous,LEE,29 - 28
2025,UFC on ESPN 66,Onama def. Chikadze,Unanimous,PUCCILLO,29 - 28
2025,UFC on ESPN 66,Magomedov def. Pereira,Unanimous,BUESKING,30 - 27
2025,UFC on ESPN 66,Magomedov def. Pereira,Unanimous,CLEARY,30 - 27
2025,UFC on ESPN 66,Magomedov def. Pereira,Unanimous,D'AMATO,30 - 27
2025,UFC on ESPN 66,Schnell def. Flick,Unanimous,CLEARY,29 - 28
2025,UFC on ESPN 66,Schnell def. Flick,Unanimous,COLÓN,29 - 28
2025,UFC on ESPN 66,Schnell def. Flick,Unanimous,HUYETTE,29 - 28
2025,UFC on ESPN 66,Elder def. Young,Unanimous,GUEARY,30 - 27
2025,UFC on ESPN 66,Elder def. Young,Unanimous,LEE,30 - 27
2025,UFC on ESPN 66,Elder def. Young,Unanimous,PUCCILLO,30 - 27
2025,UFC on ESPN 66,Gutierrez def. Castaneda,Split,BUESKING,29 - 28
2025,UFC on ESPN 66,Gutierrez def. Castaneda,Split,D'AMATO,29 - 28
2025,UFC on ESPN 66,Gutierrez def. Castaneda,Split,HUYETTE,28 - 29
2025,UFC on ESPN 66,Blackshear def. Alateng,Unanimous,CLEARY,29 - 28
2025,UFC on ESPN 66,Blackshear def. Alateng,Unanimous,COLÓN,30 - 27
2025,UFC on ESPN 66,Blackshear def. Alateng,Unanimous,LEE,30 - 27
2025,UFC 314,Volkanovski def. Lopes,Unanimous,CLEARY,48 - 47
2025,UFC 314,Volkanovski def. Lopes,Unanimous,D'AMATO,49 - 46
2025,UFC 314,Volkanovski def. Lopes,Unanimous,LEE,49 - 46
2025,UFC 314,Rodriguez def. Freire,Unanimous,D'AMATO,30 - 27
2025,UFC 314,Rodriguez def. Freire,Unanimous,KAMIJO,30 - 27
2025,UFC 314,Rodriguez def. Freire,Unanimous,RODRIGUEZ,30 - 27
2025,UFC 314,Jandiroba def. Xiaonan,Unanimous,D'AMATO,30 - 27
2025,UFC 314,Jandiroba def. Xiaonan,Unanimous,RODRIGUEZ,30 - 27
2025,UFC 314,Jandiroba def. Xiaonan,Unanimous,WINCAPAW,30 - 27
2025,UFC 314,Hooper def. Miller,Unanimous,KAMIJO,29 - 28
2025,UFC 314,Hooper def. Miller,Unanimous,RODRIGUEZ,29 - 28
2025,UFC 314,Hooper def. Miller,Unanimous,WINCAPAW,30 - 27
2025,UFC 314,Mudaerji def. Raposo,Split,EDGEHILL,29 - 28
2025,UFC 314,Mudaerji def. Raposo,Split,KAMIJO,28 - 29
2025,UFC 314,Mudaerji def. Raposo,Split,WINCAPAW,29 - 28
2025,UFC on ESPN 65,Murphy def. Emmett,Unanimous,CARTLIDGE,48 - 47
2025,UFC on ESPN 65,Murphy def. Emmett,Unanimous,COLÓN,49 - 46
2025,UFC on ESPN 65,Murphy def. Emmett,Unanimous,D'AMATO,48 - 47
2025,UFC on ESPN 65,Sabatini def. Brito,Unanimous,D'AMATO,30 - 26
2025,UFC on ESPN 65,Sabatini def. Brito,Unanimous,LEBEN,30 - 26
2025,UFC on ESPN 65,Sabatini def. Brito,Unanimous,LETHABY,30 - 27
2025,UFC on ESPN 65,Tavares def. Meerschaert,Unanimous,D'AMATO,29 - 28
2025,UFC on ESPN 65,Tavares def. Meerschaert,Unanimous,KAMIJO,29 - 28
2025,UFC on ESPN 65,Tavares def. Meerschaert,Unanimous,LETHABY,29 - 28
2025,UFC on ESPN 65,Finney def. Valentin,Split,CARTLIDGE,29 - 28
2025,UFC on ESPN 65,Finney def. Valentin,Split,KAMIJO,29 - 28
2025,UFC on ESPN 65,Finney def. Valentin,Split,WEEKS,27 - 30
2025,UFC on ESPN 65,Lookboonmee def. Nunes,Unanimous,COLÓN,30 - 27
2025,UFC on ESPN 65,Lookboonmee def. Nunes,Unanimous,D'AMATO,29 - 28
2025,UFC on ESPN 65,Lookboonmee def. Nunes,Unanimous,LEBEN,29 - 28
2025,UFC on ESPN 65,Henry def. Falcao,Unanimous,CARTLIDGE,29 - 28
2025,UFC on ESPN 65,Henry def. Falcao,Unanimous,KAMIJO,29 - 28
2025,UFC on ESPN 65,Henry def. Falcao,Unanimous,LEBEN,29 - 28
2025,UFC on ESPN 65,Buday def. Satybaldiev,Unanimous,COLÓN,29 - 28
2025,UFC on ESPN 65,Buday def. Satybaldiev,Unanimous,LETHABY,29 - 28
2025,UFC on ESPN 65,Buday def. Satybaldiev,Unanimous,WEEKS,29 - 28
2025,UFC on ESPN 65,Alencar def. Demopoulos,Unanimous,COLÓN,30 - 26
2025,UFC on ESPN 65,Alencar def. Demopoulos,Unanimous,D'AMATO,30 - 27
2025,UFC on ESPN 65,Alencar def. Demopoulos,Unanimous,LETHABY,30 - 27
2025,UFC on ESPN 64,Moreno def. Erceg,Unanimous,BELL,49 - 46
2025,UFC on ESPN 64,Moreno def. Erceg,Unanimous,D'AMATO,49 - 46
2025,UFC on ESPN 64,Moreno def. Erceg,Unanimous,LEE,49 - 46
2025,UFC on ESPN 64,Rosas Jr. def. Morales,Unanimous,COLÓN,29 - 28
2025,UFC on ESPN 64,Rosas Jr. def. Morales,Unanimous,D'AMATO,29 - 28
2025,UFC on ESPN 64,Rosas Jr. def. Morales,Unanimous,LEE,29 - 28
2025,UFC on ESPN 64,Borjas def. Rodriguez,Unanimous,COLÓN,30 - 27
2025,UFC on ESPN 64,Borjas def. Rodriguez,Unanimous,D'AMATO,30 - 27
2025,UFC on ESPN 64,Borjas def. Rodriguez,Unanimous,PUGA,29 - 28
2025,UFC on ESPN 64,Costa def. Rodriguez,Unanimous,JIMENEZ,29 - 28
2025,UFC on ESPN 64,Costa def. Rodriguez,Unanimous,LEE,29 - 28
2025,UFC on ESPN 64,Costa def. Rodriguez,Unanimous,TIRELLI,29 - 28
2025,UFC on ESPN 64,Godinez def. Polastri,Unanimous,BELL,29 - 28
2025,UFC on ESPN 64,Godinez def. Polastri,Unanimous,COLÓN,29 - 28
2025,UFC on ESPN 64,Godinez def. Polastri,Unanimous,PUGA,29 - 28
2025,UFC on ESPN 64,Garcia def. Pichel,Unanimous,BRAVO,30 - 27
2025,UFC on ESPN 64,Garcia def. Pichel,Unanimous,D'AMATO,29 - 28
2025,UFC on ESPN 64,Garcia def. Pichel,Unanimous,TIRELLI,30 - 27
2025,UFC on ESPN 64,Mederos def. Hubbard,Split,BELL,29 - 28
2025,UFC on ESPN 64,Mederos def. Hubbard,Split,D'AMATO,29 - 28
2025,UFC on ESPN 64,Mederos def. Hubbard,Split,JIMENEZ,28 - 29
2025,UFC on ESPN+ 113,Ulberg def. Blachowicz,Unanimous,CARTLIDGE,29 - 28
2025,UFC on ESPN+ 113,Ulberg def. Blachowicz,Unanimous,LETHABY,29 - 28
2025,UFC on ESPN+ 113,Ulberg def. Blachowicz,Unanimous,PAOLILLO,29 - 28
2025,UFC on ESPN+ 113,Holland def. Nelson,Unanimous,LETHABY,29 - 28
2025,UFC on ESPN+ 113,Holland def. Nelson,Unanimous,OHLSSON,29 - 28
2025,UFC on ESPN+ 113,Holland def. Nelson,Unanimous,RANSOM,29 - 28
2025,UFC on ESPN+ 113,Wood def. Charriere,Unanimous,LEE,30 - 27
2025,UFC on ESPN+ 113,Wood def. Charriere,Unanimous,OHLSSON,30 - 27
2025,UFC on ESPN+ 113,Wood def. Charriere,Unanimous,WERNER,30 - 27
2025,UFC on ESPN+ 113,Padilla def. Herbert,Split,OHLSSON,28 - 29
2025,UFC on ESPN+ 113,Padilla def. Herbert,Split,PAOLILLO,29 - 28
2025,UFC on ESPN+ 113,Padilla def. Herbert,Split,RANSOM,29 - 28
2025,UFC on ESPN+ 113,Kavanagh def. dos Santos,Unanimous,CARTLIDGE,29 - 28
2025,UFC on ESPN+ 113,Kavanagh def. dos Santos,Unanimous,LETHABY,29 - 28
2025,UFC on ESPN+ 113,Kavanagh def. dos Santos,Unanimous,WERNER,29 - 28
2025,UFC on ESPN+ 113,Tybura def. Parkin,Unanimous,LEE,29 - 28
2025,UFC on ESPN+ 113,Tybura def. Parkin,Unanimous,PAOLILLO,29 - 28
2025,UFC on ESPN+ 113,Tybura def. Parkin,Unanimous,RANSOM,29 - 28
2025,UFC on ESPN+ 113,Duncan def. Pulyaev,Unanimous,CARTLIDGE,30 - 27
2025,UFC on ESPN+ 113,Duncan def. Pulyaev,Unanimous,OHLSSON,30 - 26
2025,UFC on ESPN+ 113,Duncan def. Pulyaev,Unanimous,WERNER,30 - 27
2025,UFC on ESPN+ 113,Loughran def. Fletcher,Split,CARTLIDGE,29 - 28
2025,UFC on ESPN+ 113,Loughran def. Fletcher,Split,OHLSSON,28 - 29
2025,UFC on ESPN+ 113,Loughran def. Fletcher,Split,PAOLILLO,29 - 28
2025,UFC on ESPN+ 113,Fernandes def. Kutateladze,Unanimous,LETHABY,30 - 27
2025,UFC on ESPN+ 113,Fernandes def. Kutateladze,Unanimous,RANSOM,30 - 27
2025,UFC on ESPN+ 113,Fernandes def. Kutateladze,Unanimous,WERNER,30 - 27
2025,UFC on ESPN+ 112,Dolidze def. Vettori,Unanimous,BELL,49 - 46
2025,UFC on ESPN+ 112,Dolidze def. Vettori,Unanimous,CLEARY,49 - 46
2025,UFC on ESPN+ 112,Dolidze def. Vettori,Unanimous,D'AMATO,49 - 46
2025,UFC on ESPN+ 112,Hernandez def. Holobaugh,Unanimous,BELL,29 - 28
2025,UFC on ESPN+ 112,Hernandez def. Holobaugh,Unanimous,COLÓN,30 - 27
2025,UFC on ESPN+ 112,Hernandez def. Holobaugh,Unanimous,MINER,29 - 28
2025,UFC on ESPN+ 112,Su Young def. Cunningham,Unanimous,COLÓN,30 - 27
2025,UFC on ESPN+ 112,Su Young def. Cunningham,Unanimous,LEBEN,30 - 27
2025,UFC on ESPN+ 112,Su Young def. Cunningham,Unanimous,WEEKS,30 - 27
2025,UFC on ESPN+ 112,Hughes def. Luciano,Split,BELL,29 - 28
2025,UFC on ESPN+ 112,Hughes def. Luciano,Split,CLEARY,29 - 27
2025,UFC on ESPN+ 112,Hughes def. Luciano,Split,D'AMATO,28 - 29
2025,UFC 313,Ankalaev def. Pereira,Unanimous,BELL,48 - 47
2025,UFC 313,Ankalaev def. Pereira,Unanimous,CLEARY,48 - 47
2025,UFC 313,Ankalaev def. Pereira,Unanimous,D'AMATO,49 - 46
2025,UFC 313,Gaethje def. Fiziev,Unanimous,CARTLIDGE,29 - 28
2025,UFC 313,Gaethje def. Fiziev,Unanimous,LEE,29 - 28
2025,UFC 313,Gaethje def. Fiziev,Unanimous,MCCARTHY,29 - 28
2025,UFC 313,Lemos def. Lucindo,Unanimous,BELL,29 - 28
2025,UFC 313,Lemos def. Lucindo,Unanimous,D'AMATO,29 - 28
2025,UFC 313,Lemos def. Lucindo,Unanimous,MCCARTHY,29 - 28
2025,UFC 313,Van def. Tsuruya,Unanimous,BELL,30 - 27
2025,UFC 313,Van def. Tsuruya,Unanimous,CARTLIDGE,30 - 27
2025,UFC 313,Van def. Tsuruya,Unanimous,CLEARY,30 - 27
2025,UFC 313,Santos def. Marshall,Split,CLEARY,27 - 30
2025,UFC 313,Santos def. Marshall,Split,LEE,29 - 28
2025,UFC 313,Santos def. Marshall,Split,LETHABY,29 - 28
2025,UFC 313,Diaz def. Santos,Unanimous,COLÓN,29 - 28
2025,UFC 313,Diaz def. Santos,Unanimous,LEE,29 - 28
2025,UFC 313,Diaz def. Santos,Unanimous,WEEKS,29 - 28
2025,UFC on ESPN+ 111,Haqparast def. Ribovics,Split,BELL,29 - 28
2025,UFC on ESPN+ 111,Haqparast def. Ribovics,Split,D'AMATO,29 - 28
2025,UFC on ESPN+ 111,Haqparast def. Ribovics,Split,LEE,28 - 29
2025,UFC on ESPN+ 111,Amil def. Gomis,Split,BELL,29 - 28
2025,UFC on ESPN+ 111,Amil def. Gomis,Split,MANESS,28 - 29
2025,UFC on ESPN+ 111,Amil def. Gomis,Split,MCCARTHY,29 - 28
2025,UFC on ESPN+ 111,Mariscal def. Ramos,Unanimous,BELL,30 - 27
2025,UFC on ESPN+ 111,Mariscal def. Ramos,Unanimous,D'AMATO,30 - 27
2025,UFC on ESPN+ 111,Mariscal def. Ramos,Unanimous,LEBEN,30 - 27
2025,UFC on ESPN+ 111,Silva def. Almeida,Split,BELL,29 - 28
2025,UFC on ESPN+ 111,Silva def. Almeida,Split,MANESS,28 - 29
2025,UFC on ESPN+ 111,Silva def. Almeida,Split,MCCARTHY,29 - 28
2025,UFC on ESPN+ 111,Aldrich def. Lee,Unanimous,D'AMATO,30 - 27
2025,UFC on ESPN+ 111,Aldrich def. Lee,Unanimous,KAMIJO,30 - 27
2025,UFC on ESPN+ 111,Aldrich def. Lee,Unanimous,MCCARTHY,29 - 28
2025,UFC on ESPN+ 111,Temirov def. Johnson,Unanimous,D'AMATO,29 - 28
2025,UFC on ESPN+ 111,Temirov def. Johnson,Unanimous,MINER,29 - 28
2025,UFC on ESPN+ 111,Temirov def. Johnson,Unanimous,WEEKS,29 - 28
2025,UFC on ESPN+ 110,Yadong def. Cejudo,Unanimous,BELL,29 - 28
2025,UFC on ESPN+ 110,Yadong def. Cejudo,Unanimous,CLEARY,29 - 28
2025,UFC on ESPN+ 110,Yadong def. Cejudo,Unanimous,D'AMATO,30 - 27
2025,UFC on ESPN+ 110,Hernandez def. Allen,Unanimous,CLEARY,29 - 28
2025,UFC on ESPN+ 110,Hernandez def. Allen,Unanimous,D'AMATO,29 - 28
2025,UFC on ESPN+ 110,Hernandez def. Allen,Unanimous,LEE,29 - 28
2025,UFC on ESPN+ 110,Font def. Matsumoto,Split,BELL,29 - 28
2025,UFC on ESPN+ 110,Font def. Matsumoto,Split,CLEARY,29 - 28
2025,UFC on ESPN+ 110,Font def. Matsumoto,Split,D'AMATO,28 - 29
2025,UFC on ESPN+ 110,Menifield def. Walker,Split,CLEARY,30 - 27
2025,UFC on ESPN+ 110,Menifield def. Walker,Split,D'AMATO,29 - 28
2025,UFC on ESPN+ 110,Menifield def. Walker,Split,DAVIS,28 - 29
2025,UFC on ESPN+ 109,Zalal def. Kattar,Unanimous,BELL,29 - 28
2025,UFC on ESPN+ 109,Zalal def. Kattar,Unanimous,CLEARY,29 - 28
2025,UFC on ESPN+ 109,Zalal def. Kattar,Unanimous,KAMIJO,29 - 28
2025,UFC on ESPN+ 109,Petroski def. Vieira,Unanimous,CLEARY,29 - 28
2025,UFC on ESPN+ 109,Petroski def. Vieira,Unanimous,D'AMATO,29 - 28
2025,UFC on ESPN+ 109,Petroski def. Vieira,Unanimous,MINER,29 - 28
2025,UFC on ESPN+ 109,Hill def. Souza,Split,BELL,29 - 28
2025,UFC on ESPN+ 109,Hill def. Souza,Split,CLEARY,28 - 29
2025,UFC on ESPN+ 109,Hill def. Souza,Split,D'AMATO,29 - 28
2025,UFC on ESPN+ 109,Estevam def. Aguilar,Unanimous,BELL,29 - 28
2025,UFC on ESPN+ 109,Estevam def. Aguilar,Unanimous,COLÓN,29 - 28
2025,UFC on ESPN+ 109,Estevam def. Aguilar,Unanimous,D'AMATO,29 - 28
2025,UFC on ESPN+ 109,Smith def. Morales,Unanimous,BELL,29 - 28
2025,UFC on ESPN+ 109,Smith def. Morales,Unanimous,D'AMATO,29 - 28
2025,UFC on ESPN+ 109,Smith def. Morales,Unanimous,KAMIJO,29 - 28
2025,UFC on ESPN+ 109,Cavalcanti def. Avila,Unanimous,CLEARY,30 - 27
2025,UFC on ESPN+ 109,Cavalcanti def. Avila,Unanimous,COLÓN,30 - 27
2025,UFC on ESPN+ 109,Cavalcanti def. Avila,Unanimous,D'AMATO,30 - 27
2025,UFC 312,Du Plessis def. Strickland,Unanimous,CARTLIDGE,49 - 46
2025,UFC 312,Du Plessis def. Strickland,Unanimous,D'AMATO,50 - 45
2025,UFC 312,Du Plessis def. Strickland,Unanimous,WERNER,50 - 45
2025,UFC 312,Zhang def. Suarez,Unanimous,BELL,49 - 46
2025,UFC 312,Zhang def. Suarez,Unanimous,COLLETT,49 - 45
2025,UFC 312,Zhang def. Suarez,Unanimous,LETHABY,49 - 46
2025,UFC 312,Crute drew with Bellato,Majority,BELL,28 - 28
2025,UFC 312,Crute drew with Bellato,Majority,COLLETT,29 - 27
2025,UFC 312,Crute drew with Bellato,Majority,LETHABY,28 - 28
2025,UFC 312,Matthews def. Prado,Unanimous,D'AMATO,30 - 27
2025,UFC 312,Matthews def. Prado,Unanimous,KEECH,30 - 27
2025,UFC 312,Matthews def. Prado,Unanimous,WERNER,30 - 27
2025,UFC 312,Nolan def. Borshchev,Unanimous,CARTLIDGE,29 - 28
2025,UFC 312,Nolan def. Borshchev,Unanimous,KEECH,29 - 28
2025,UFC 312,Nolan def. Borshchev,Unanimous,LETHABY,30 - 27
2025,UFC 312,Cong def. Brasil,Unanimous,COLLETT,30 - 27
2025,UFC 312,Cong def. Brasil,Unanimous,D'AMATO,30 - 27
2025,UFC 312,Cong def. Brasil,Unanimous,WERNER,30 - 27
2025,UFC 312,Topuria def. Thicknesse,Unanimous,BELL,30 - 27
2025,UFC 312,Topuria def. Thicknesse,Unanimous,CARTLIDGE,30 - 27
2025,UFC 312,Topuria def. Thicknesse,Unanimous,KEECH,30 - 27
2025,UFC 312,Zhu def. Steele,Unanimous,D'AMATO,30 - 27
2025,UFC 312,Zhu def. Steele,Unanimous,FIELD,30 - 27
2025,UFC 312,Zhu def. Steele,Unanimous,WERNER,30 - 27
2025,UFC 312,Micallef def. Jousset,Unanimous,COLLETT,29 - 28
2025,UFC 312,Micallef def. Jousset,Unanimous,KEECH,29 - 28
2025,UFC 312,Micallef def. Jousset,Unanimous,LETHABY,29 - 28
2025,UFC on ESPN+ 108,Page def. Magomedov,Unanimous,BELL,29 - 28
2025,UFC on ESPN+ 108,Page def. Magomedov,Unanimous,MONTALVO,30 - 27
2025,UFC on ESPN+ 108,Page def. Magomedov,Unanimous,WERNER,30 - 27
2025,UFC on ESPN+ 108,Pavlovich def. Rozenstruik,Unanimous,D'AMATO,30 - 27
2025,UFC on ESPN+ 108,Pavlovich def. Rozenstruik,Unanimous,LETHABY,30 - 27
2025,UFC on ESPN+ 108,Pavlovich def. Rozenstruik,Unanimous,WERNER,30 - 27
2025,UFC on ESPN+ 108,Oliveira def. Nurmagomedov,Unanimous,CARTLIDGE,29 - 28
2025,UFC on ESPN+ 108,Oliveira def. Nurmagomedov,Unanimous,MONTALVO,29 - 28
2025,UFC on ESPN+ 108,Oliveira def. Nurmagomedov,Unanimous,WEEKS,29 - 28
2025,UFC on ESPN+ 108,Ziam def. Davis,Unanimous,D'AMATO,30 - 27
2025,UFC on ESPN+ 108,Ziam def. Davis,Unanimous,LETHABY,30 - 27
2025,UFC on ESPN+ 108,Ziam def. Davis,Unanimous,WERNER,30 - 27
2025,UFC on ESPN+ 108,Naimov def. Ofli,Unanimous,BELL,29 - 28
2025,UFC on ESPN+ 108,Naimov def. Ofli,Unanimous,CARTLIDGE,30 - 27
2025,UFC on ESPN+ 108,Naimov def. Ofli,Unanimous,WEEKS,30 - 27
2025,UFC on ESPN+ 108,Jasudavicius def. Bueno Silva,Unanimous,D'AMATO,30 - 27
2025,UFC on ESPN+ 108,Jasudavicius def. Bueno Silva,Unanimous,WEEKS,30 - 27
2025,UFC on ESPN+ 108,Jasudavicius def. Bueno Silva,Unanimous,WERNER,30 - 27
2025,UFC on ESPN+ 108,Abdelwahab def. Pogues,Split,CARTLIDGE,29 - 28
2025,UFC on ESPN+ 108,Abdelwahab def. Pogues,Split,D'AMATO,29 - 28
2025,UFC on ESPN+ 108,Abdelwahab def. Pogues,Split,WEEKS,27 - 30
2025,UFC 311,Dvalishvili def. Nurmagomedov,Unanimous,BELL,48 - 47
2025,UFC 311,Dvalishvili def. Nurmagomedov,Unanimous,CRAIL,49 - 46
2025,UFC 311,Dvalishvili def. Nurmagomedov,Unanimous,LEBEN,48 - 47
2025,UFC 311,Barcelos def. Talbott,Unanimous,CRAIL,30 - 26
2025,UFC 311,Barcelos def. Talbott,Unanimous,LEBEN,30 - 27
2025,UFC 311,Barcelos def. Talbott,Unanimous,ROMERO,30 - 27
2025,UFC 311,Dawson def. Ferreira,Unanimous,DAVIS,30 - 27
2025,UFC 311,Dawson def. Ferreira,Unanimous,MCCARTHY,30 - 27
2025,UFC 311,Dawson def. Ferreira,Unanimous,OH,30 - 27
2025,UFC 311,Perez def. Rosa,Unanimous,CRAIL,30 - 27
2025,UFC 311,Perez def. Rosa,Unanimous,D'AMATO,29 - 28
2025,UFC 311,Perez def. Rosa,Unanimous,ROMERO,29 - 28
2025,UFC 311,Gafurov def. Nakamura,Unanimous,CLEARY,30 - 27
2025,UFC 311,Gafurov def. Nakamura,Unanimous,LEBEN,30 - 27
2025,UFC 311,Gafurov def. Nakamura,Unanimous,OH,30 - 27
2025,UFC 311,Sopaj def. Turcios,Unanimous,MCCARTHY,30 - 27
2025,UFC 311,Sopaj def. Turcios,Unanimous,OH,29 - 28
2025,UFC 311,Sopaj def. Turcios,Unanimous,TYLER,30 - 27
2025,UFC 311,Ulanbekov def. Carpenter,Unanimous,DAVIS,29 - 28
2025,UFC 311,Ulanbekov def. Carpenter,Unanimous,ROMERO,30 - 27
2025,UFC 311,Ulanbekov def. Carpenter,Unanimous,TYLER,30 - 27
2025,UFC on ESPN+ 107,Rodriguez def. Bashi,Unanimous,BELL,29 - 28
2025,UFC on ESPN+ 107,Rodriguez def. Bashi,Unanimous,LETHABY,29 - 28
2025,UFC on ESPN+ 107,Rodriguez def. Bashi,Unanimous,MINER,29 - 28
2025,UFC on ESPN+ 107,Moises def. Ogden,Unanimous,BELL,29 - 28
2025,UFC on ESPN+ 107,Moises def. Ogden,Unanimous,D'AMATO,29 - 28
2025,UFC on ESPN+ 107,Moises def. Ogden,Unanimous,MCCARTHY,29 - 28
2025,UFC on ESPN+ 107,Kareckaite def. Caliari,Split,BELL,28 - 29
2025,UFC on ESPN+ 107,Kareckaite def. Caliari,Split,D'AMATO,29 - 28
2025,UFC on ESPN+ 107,Kareckaite def. Caliari,Split,MCCARTHY,29 - 28
2025,UFC on ESPN+ 107,Lopes def. Gadzhiyasulov,Unanimous,KAMIJO,29 - 28
2025,UFC on ESPN+ 107,Lopes def. Gadzhiyasulov,Unanimous,LETHABY,29 - 28
2025,UFC on ESPN+ 107,Lopes def. Gadzhiyasulov,Unanimous,MINER,29 - 28
2025,UFC on ESPN+ 107,Aliev def. Solecki,Unanimous,BELL,29 - 28
2025,UFC on ESPN+ 107,Aliev def. Solecki,Unanimous,D'AMATO,29 - 28
2025,UFC on ESPN+ 107,Aliev def. Solecki,Unanimous,LETHABY,30 - 27
